"","long","lat","order","hole","piece","group","id","n3"
"1",527183.51230795,174002.40031654,1,FALSE,"1","1.1","1","Inner London - East"
"2",527184.91243301,174010.34082031,2,FALSE,"1","1.1","1","Inner London - East"
"3",527191.08904847,174015.52361607,3,FALSE,"1","1.1","1","Inner London - East"
"4",528702.41379253,174888.08736389,4,FALSE,"1","1.1","1","Inner London - East"
"5",528729.01823684,174910.4111433,5,FALSE,"1","1.1","1","Inner London - East"
"6",528746.38305461,174940.48788994,6,FALSE,"1","1.1","1","Inner London - East"
"7",528752.41379253,174974.68990427,7,FALSE,"1","1.1","1","Inner London - East"
"8",528752.41379253,176719.81739991,8,FALSE,"1","1.1","1","Inner London - East"
"9",528753.81391759,176727.75790368,9,FALSE,"1","1.1","1","Inner London - East"
"10",528759.99053305,176732.94069944,10,FALSE,"1","1.1","1","Inner London - East"
"11",530271.31527711,177605.50444725,11,FALSE,"1","1.1","1","Inner London - East"
"12",530297.91972142,177627.82822666,12,FALSE,"1","1.1","1","Inner London - East"
"13",530315.28453919,177657.9049733,13,FALSE,"1","1.1","1","Inner London - East"
"14",530321.31527711,177692.10698763,14,FALSE,"1","1.1","1","Inner London - East"
"15",530321.31527711,179437.23448327,15,FALSE,"1","1.1","1","Inner London - East"
"16",530322.71540217,179445.17498704,16,FALSE,"1","1.1","1","Inner London - East"
"17",530328.89201763,179450.3577828,17,FALSE,"1","1.1","1","Inner London - East"
"18",531840.21676169,180322.92153061,18,FALSE,"1","1.1","1","Inner London - East"
"19",531866.821206,180345.24531002,19,FALSE,"1","1.1","1","Inner London - East"
"20",531884.18602377,180375.32205666,20,FALSE,"1","1.1","1","Inner London - East"
"21",531890.21676169,180409.52407099,21,FALSE,"1","1.1","1","Inner London - East"
"22",531890.21676169,182105.66540606,22,FALSE,"1","1.1","1","Inner London - East"
"23",531884.18602377,182139.86742039,23,FALSE,"1","1.1","1","Inner London - East"
"24",531866.821206,182169.94416703,24,FALSE,"1","1.1","1","Inner London - East"
"25",531840.21676169,182192.26794644,25,FALSE,"1","1.1","1","Inner London - East"
"26",530328.89201763,183064.83169426,26,FALSE,"1","1.1","1","Inner London - East"
"27",530322.71540217,183070.01449002,27,FALSE,"1","1.1","1","Inner London - East"
"28",530321.31527711,183077.95499379,28,FALSE,"1","1.1","1","Inner London - East"
"29",530321.31527711,184823.08248943,29,FALSE,"1","1.1","1","Inner London - East"
"30",530315.28453919,184857.28450376,30,FALSE,"1","1.1","1","Inner London - East"
"31",530297.91972142,184887.3612504,31,FALSE,"1","1.1","1","Inner London - East"
"32",530271.31527711,184909.68502981,32,FALSE,"1","1.1","1","Inner London - East"
"33",528759.99053305,185782.24877762,33,FALSE,"1","1.1","1","Inner London - East"
"34",528753.81391759,185787.43157338,34,FALSE,"1","1.1","1","Inner London - East"
"35",528752.41379253,185795.37207715,35,FALSE,"1","1.1","1","Inner London - East"
"36",528752.41379253,187540.49957279,36,FALSE,"1","1.1","1","Inner London - East"
"37",528746.38305461,187574.70158712,37,FALSE,"1","1.1","1","Inner London - East"
"38",528729.01823684,187604.77833376,38,FALSE,"1","1.1","1","Inner London - East"
"39",528702.41379253,187627.10211317,39,FALSE,"1","1.1","1","Inner London - East"
"40",527191.08904847,188499.66586098,40,FALSE,"1","1.1","1","Inner London - East"
"41",527184.91243301,188504.84865674,41,FALSE,"1","1.1","1","Inner London - East"
"42",527183.51230795,188512.78916051,42,FALSE,"1","1.1","1","Inner London - East"
"43",527183.51230795,190306.90281672,43,FALSE,"1","1.1","1","Inner London - East"
"44",527184.91243301,190314.84332049,44,FALSE,"1","1.1","1","Inner London - East"
"45",527191.08904847,190320.02611625,45,FALSE,"1","1.1","1","Inner London - East"
"46",528702.41379253,191192.58986407,46,FALSE,"1","1.1","1","Inner London - East"
"47",528729.01823684,191214.91364348,47,FALSE,"1","1.1","1","Inner London - East"
"48",528746.38305461,191244.99039012,48,FALSE,"1","1.1","1","Inner London - East"
"49",528752.41379253,191279.19240445,49,FALSE,"1","1.1","1","Inner London - East"
"50",528752.41379253,193024.31990009,50,FALSE,"1","1.1","1","Inner London - East"
"51",528753.81391759,193032.26040386,51,FALSE,"1","1.1","1","Inner London - East"
"52",528759.99053305,193037.44319962,52,FALSE,"1","1.1","1","Inner London - East"
"53",530313.73853659,193934.50002771,53,FALSE,"1","1.1","1","Inner London - East"
"54",530321.31527711,193937.25773573,54,FALSE,"1","1.1","1","Inner London - East"
"55",530328.89201763,193934.50002771,55,FALSE,"1","1.1","1","Inner London - East"
"56",531840.21676169,193061.9362799,56,FALSE,"1","1.1","1","Inner London - East"
"57",531872.85194392,193050.05804498,57,FALSE,"1","1.1","1","Inner London - East"
"58",531907.58157946,193050.05804498,58,FALSE,"1","1.1","1","Inner London - East"
"59",531940.21676169,193061.9362799,59,FALSE,"1","1.1","1","Inner London - East"
"60",533451.54150575,193934.50002771,60,FALSE,"1","1.1","1","Inner London - East"
"61",533459.11824627,193937.25773573,61,FALSE,"1","1.1","1","Inner London - East"
"62",533466.69498679,193934.50002771,62,FALSE,"1","1.1","1","Inner London - East"
"63",535020.44299033,193037.44319962,63,FALSE,"1","1.1","1","Inner London - East"
"64",535026.61960579,193032.26040386,64,FALSE,"1","1.1","1","Inner London - East"
"65",535028.01973085,193024.31990009,65,FALSE,"1","1.1","1","Inner London - East"
"66",535028.01973085,191279.19240445,66,FALSE,"1","1.1","1","Inner London - East"
"67",535034.05046877,191244.99039012,67,FALSE,"1","1.1","1","Inner London - East"
"68",535051.41528654,191214.91364348,68,FALSE,"1","1.1","1","Inner London - East"
"69",535078.01973085,191192.58986407,69,FALSE,"1","1.1","1","Inner London - East"
"70",536589.34447491,190320.02611625,70,FALSE,"1","1.1","1","Inner London - East"
"71",536595.52109037,190314.84332049,71,FALSE,"1","1.1","1","Inner London - East"
"72",536596.92121543,190306.90281672,72,FALSE,"1","1.1","1","Inner London - East"
"73",536596.92121543,188561.77532108,73,FALSE,"1","1.1","1","Inner London - East"
"74",536602.95195335,188527.57330675,74,FALSE,"1","1.1","1","Inner London - East"
"75",536620.31677112,188497.49656011,75,FALSE,"1","1.1","1","Inner London - East"
"76",536646.92121543,188475.1727807,76,FALSE,"1","1.1","1","Inner London - East"
"77",538158.24595949,187602.60903289,77,FALSE,"1","1.1","1","Inner London - East"
"78",538164.42257495,187597.42623713,78,FALSE,"1","1.1","1","Inner London - East"
"79",538165.82270001,187589.48573336,79,FALSE,"1","1.1","1","Inner London - East"
"80",538165.82270001,185844.35823772,80,FALSE,"1","1.1","1","Inner London - East"
"81",538171.85343793,185810.15622339,81,FALSE,"1","1.1","1","Inner London - East"
"82",538189.2182557,185780.07947675,82,FALSE,"1","1.1","1","Inner London - East"
"83",538215.82270001,185757.75569734,83,FALSE,"1","1.1","1","Inner London - East"
"84",539684.72418459,184909.68502981,84,FALSE,"1","1.1","1","Inner London - East"
"85",539717.35936682,184897.80679489,85,FALSE,"1","1.1","1","Inner London - East"
"86",539752.08900236,184897.80679489,86,FALSE,"1","1.1","1","Inner London - East"
"87",539784.72418459,184909.68502981,87,FALSE,"1","1.1","1","Inner London - East"
"88",541253.62566917,185757.75569734,88,FALSE,"1","1.1","1","Inner London - East"
"89",541280.23011348,185780.07947675,89,FALSE,"1","1.1","1","Inner London - East"
"90",541297.59493125,185810.15622339,90,FALSE,"1","1.1","1","Inner London - East"
"91",541303.62566917,185844.35823772,91,FALSE,"1","1.1","1","Inner London - East"
"92",541303.62566917,187589.48573336,92,FALSE,"1","1.1","1","Inner London - East"
"93",541305.02579423,187597.42623713,93,FALSE,"1","1.1","1","Inner London - East"
"94",541311.20240969,187602.60903289,94,FALSE,"1","1.1","1","Inner London - East"
"95",542864.95041323,188499.66586098,95,FALSE,"1","1.1","1","Inner London - East"
"96",542872.52715375,188502.423569,96,FALSE,"1","1.1","1","Inner London - East"
"97",542880.10389427,188499.66586098,97,FALSE,"1","1.1","1","Inner London - East"
"98",544433.85189781,187602.60903289,98,FALSE,"1","1.1","1","Inner London - East"
"99",544440.02851327,187597.42623713,99,FALSE,"1","1.1","1","Inner London - East"
"100",544441.42863833,187589.48573336,100,FALSE,"1","1.1","1","Inner London - East"
"101",544441.42863833,185844.35823772,101,FALSE,"1","1.1","1","Inner London - East"
"102",544447.45937625,185810.15622339,102,FALSE,"1","1.1","1","Inner London - East"
"103",544464.82419402,185780.07947675,103,FALSE,"1","1.1","1","Inner London - East"
"104",544491.42863833,185757.75569734,104,FALSE,"1","1.1","1","Inner London - East"
"105",546002.75338239,184885.19194953,105,FALSE,"1","1.1","1","Inner London - East"
"106",546008.92999785,184880.00915377,106,FALSE,"1","1.1","1","Inner London - East"
"107",546010.33012291,184872.06865,107,FALSE,"1","1.1","1","Inner London - East"
"108",546010.33012291,183077.95499379,108,FALSE,"1","1.1","1","Inner London - East"
"109",546008.92999785,183070.01449002,109,FALSE,"1","1.1","1","Inner London - East"
"110",546002.75338239,183064.83169426,110,FALSE,"1","1.1","1","Inner London - East"
"111",544491.42863833,182192.26794644,111,FALSE,"1","1.1","1","Inner London - East"
"112",544464.82419402,182169.94416703,112,FALSE,"1","1.1","1","Inner London - East"
"113",544447.45937625,182139.86742039,113,FALSE,"1","1.1","1","Inner London - East"
"114",544441.42863833,182105.66540606,114,FALSE,"1","1.1","1","Inner London - East"
"115",544441.42863833,180360.53791042,115,FALSE,"1","1.1","1","Inner London - East"
"116",544440.02851327,180352.59740665,116,FALSE,"1","1.1","1","Inner London - East"
"117",544433.85189781,180347.41461089,117,FALSE,"1","1.1","1","Inner London - East"
"118",542880.10389427,179450.3577828,118,FALSE,"1","1.1","1","Inner London - East"
"119",542872.52715375,179447.60007478,119,FALSE,"1","1.1","1","Inner London - East"
"120",542864.95041323,179450.3577828,120,FALSE,"1","1.1","1","Inner London - East"
"121",541353.62566917,180322.92153061,121,FALSE,"1","1.1","1","Inner London - East"
"122",541320.99048694,180334.79976553,122,FALSE,"1","1.1","1","Inner London - East"
"123",541286.2608514,180334.79976553,123,FALSE,"1","1.1","1","Inner London - East"
"124",541253.62566917,180322.92153061,124,FALSE,"1","1.1","1","Inner London - East"
"125",539784.72418459,179474.85086308,125,FALSE,"1","1.1","1","Inner London - East"
"126",539758.11974028,179452.52708367,126,FALSE,"1","1.1","1","Inner London - East"
"127",539740.75492251,179422.45033703,127,FALSE,"1","1.1","1","Inner London - East"
"128",539734.72418459,179388.2483227,128,FALSE,"1","1.1","1","Inner London - East"
"129",539734.72418459,177692.10698763,129,FALSE,"1","1.1","1","Inner London - East"
"130",539740.75492251,177657.9049733,130,FALSE,"1","1.1","1","Inner London - East"
"131",539758.11974028,177627.82822666,131,FALSE,"1","1.1","1","Inner London - East"
"132",539784.72418459,177605.50444725,132,FALSE,"1","1.1","1","Inner London - East"
"133",541296.04892865,176732.94069944,133,FALSE,"1","1.1","1","Inner London - East"
"134",541302.22554411,176727.75790368,134,FALSE,"1","1.1","1","Inner London - East"
"135",541303.62566917,176719.81739991,135,FALSE,"1","1.1","1","Inner London - East"
"136",541303.62566917,174974.68990427,136,FALSE,"1","1.1","1","Inner London - East"
"137",541309.65640709,174940.48788994,137,FALSE,"1","1.1","1","Inner London - East"
"138",541327.02122486,174910.4111433,138,FALSE,"1","1.1","1","Inner London - East"
"139",541353.62566917,174888.08736389,139,FALSE,"1","1.1","1","Inner London - East"
"140",542864.95041323,174015.52361607,140,FALSE,"1","1.1","1","Inner London - East"
"141",542871.12702869,174010.34082031,141,FALSE,"1","1.1","1","Inner London - East"
"142",542872.52715375,174002.40031654,142,FALSE,"1","1.1","1","Inner London - East"
"143",542872.52715375,172208.28666033,143,FALSE,"1","1.1","1","Inner London - East"
"144",542871.12702869,172200.34615656,144,FALSE,"1","1.1","1","Inner London - East"
"145",542864.95041323,172195.1633608,145,FALSE,"1","1.1","1","Inner London - East"
"146",541311.20240969,171298.10653271,146,FALSE,"1","1.1","1","Inner London - East"
"147",541303.62566917,171295.34882469,147,FALSE,"1","1.1","1","Inner London - East"
"148",541296.04892865,171298.10653271,148,FALSE,"1","1.1","1","Inner London - East"
"149",539784.72418459,172170.67028052,149,FALSE,"1","1.1","1","Inner London - East"
"150",539752.08900236,172182.54851544,150,FALSE,"1","1.1","1","Inner London - East"
"151",539717.35936682,172182.54851544,151,FALSE,"1","1.1","1","Inner London - East"
"152",539684.72418459,172170.67028052,152,FALSE,"1","1.1","1","Inner London - East"
"153",538173.39944053,171298.10653271,153,FALSE,"1","1.1","1","Inner London - East"
"154",538165.82270001,171295.34882469,154,FALSE,"1","1.1","1","Inner London - East"
"155",538158.24595949,171298.10653271,155,FALSE,"1","1.1","1","Inner London - East"
"156",536646.92121543,172170.67028052,156,FALSE,"1","1.1","1","Inner London - East"
"157",536614.2860332,172182.54851544,157,FALSE,"1","1.1","1","Inner London - East"
"158",536579.55639766,172182.54851544,158,FALSE,"1","1.1","1","Inner London - East"
"159",536546.92121543,172170.67028052,159,FALSE,"1","1.1","1","Inner London - East"
"160",535078.01973085,171322.59961299,160,FALSE,"1","1.1","1","Inner London - East"
"161",535051.41528654,171300.27583358,161,FALSE,"1","1.1","1","Inner London - East"
"162",535034.05046877,171270.19908694,162,FALSE,"1","1.1","1","Inner London - East"
"163",535028.01973085,171235.99707261,163,FALSE,"1","1.1","1","Inner London - East"
"164",535028.01973085,169490.86957697,164,FALSE,"1","1.1","1","Inner London - East"
"165",535026.61960579,169482.9290732,165,FALSE,"1","1.1","1","Inner London - East"
"166",535020.44299033,169477.74627744,166,FALSE,"1","1.1","1","Inner London - East"
"167",533466.69498679,168580.68944935,167,FALSE,"1","1.1","1","Inner London - East"
"168",533459.11824627,168577.93174133,168,FALSE,"1","1.1","1","Inner London - East"
"169",533451.54150575,168580.68944935,169,FALSE,"1","1.1","1","Inner London - East"
"170",531940.21676169,169453.25319716,170,FALSE,"1","1.1","1","Inner London - East"
"171",531907.58157946,169465.13143208,171,FALSE,"1","1.1","1","Inner London - East"
"172",531872.85194392,169465.13143208,172,FALSE,"1","1.1","1","Inner London - East"
"173",531840.21676169,169453.25319716,173,FALSE,"1","1.1","1","Inner London - East"
"174",530328.89201763,168580.68944935,174,FALSE,"1","1.1","1","Inner London - East"
"175",530321.31527711,168577.93174133,175,FALSE,"1","1.1","1","Inner London - East"
"176",530313.73853659,168580.68944935,176,FALSE,"1","1.1","1","Inner London - East"
"177",528759.99053305,169477.74627744,177,FALSE,"1","1.1","1","Inner London - East"
"178",528753.81391759,169482.9290732,178,FALSE,"1","1.1","1","Inner London - East"
"179",528752.41379253,169490.86957697,179,FALSE,"1","1.1","1","Inner London - East"
"180",528752.41379253,171235.99707261,180,FALSE,"1","1.1","1","Inner London - East"
"181",528746.38305461,171270.19908694,181,FALSE,"1","1.1","1","Inner London - East"
"182",528729.01823684,171300.27583358,182,FALSE,"1","1.1","1","Inner London - East"
"183",528702.41379253,171322.59961299,183,FALSE,"1","1.1","1","Inner London - East"
"184",527191.08904847,172195.1633608,184,FALSE,"1","1.1","1","Inner London - East"
"185",527184.91243301,172200.34615656,185,FALSE,"1","1.1","1","Inner London - East"
"186",527183.51230795,172208.28666033,186,FALSE,"1","1.1","1","Inner London - East"
"187",527183.51230795,174002.40031654,187,FALSE,"1","1.1","1","Inner London - East"
"188",527183.51230795,195741.73698345,1,FALSE,"1","1.1","1","Outer London - East and North East"
"189",527184.91243301,195749.67748722,2,FALSE,"1","1.1","1","Outer London - East and North East"
"190",527191.08904847,195754.86028298,3,FALSE,"1","1.1","1","Outer London - East and North East"
"191",528702.41379253,196627.42403079,4,FALSE,"1","1.1","1","Outer London - East and North East"
"192",528729.01823684,196649.7478102,5,FALSE,"1","1.1","1","Outer London - East and North East"
"193",528746.38305461,196679.82455684,6,FALSE,"1","1.1","1","Outer London - East and North East"
"194",528752.41379253,196714.02657117,7,FALSE,"1","1.1","1","Outer London - East and North East"
"195",528752.41379253,198459.15406681,8,FALSE,"1","1.1","1","Outer London - East and North East"
"196",528753.81391759,198467.09457058,9,FALSE,"1","1.1","1","Outer London - East and North East"
"197",528759.99053305,198472.27736634,10,FALSE,"1","1.1","1","Outer London - East and North East"
"198",530313.73853659,199369.33419444,11,FALSE,"1","1.1","1","Outer London - East and North East"
"199",530321.31527711,199372.09190246,12,FALSE,"1","1.1","1","Outer London - East and North East"
"200",530328.89201763,199369.33419444,13,FALSE,"1","1.1","1","Outer London - East and North East"
"201",531840.21676169,198496.77044662,14,FALSE,"1","1.1","1","Outer London - East and North East"
"202",531872.85194392,198484.8922117,15,FALSE,"1","1.1","1","Outer London - East and North East"
"203",531907.58157946,198484.8922117,16,FALSE,"1","1.1","1","Outer London - East and North East"
"204",531940.21676169,198496.77044662,17,FALSE,"1","1.1","1","Outer London - East and North East"
"205",533409.11824627,199344.84111416,18,FALSE,"1","1.1","1","Outer London - East and North East"
"206",533435.72269058,199367.16489357,19,FALSE,"1","1.1","1","Outer London - East and North East"
"207",533453.08750835,199397.24164021,20,FALSE,"1","1.1","1","Outer London - East and North East"
"208",533459.11824627,199431.44365454,21,FALSE,"1","1.1","1","Outer London - East and North East"
"209",533459.11824627,201176.57115018,22,FALSE,"1","1.1","1","Outer London - East and North East"
"210",533460.51837133,201184.51165395,23,FALSE,"1","1.1","1","Outer London - East and North East"
"211",533466.69498679,201189.69444971,24,FALSE,"1","1.1","1","Outer London - East and North East"
"212",535020.44299033,202086.7512778,25,FALSE,"1","1.1","1","Outer London - East and North East"
"213",535028.01973085,202089.50898582,26,FALSE,"1","1.1","1","Outer London - East and North East"
"214",535035.59647137,202086.7512778,27,FALSE,"1","1.1","1","Outer London - East and North East"
"215",536589.34447491,201189.69444971,28,FALSE,"1","1.1","1","Outer London - East and North East"
"216",536595.52109037,201184.51165395,29,FALSE,"1","1.1","1","Outer London - East and North East"
"217",536596.92121543,201176.57115018,30,FALSE,"1","1.1","1","Outer London - East and North East"
"218",536596.92121543,199431.44365454,31,FALSE,"1","1.1","1","Outer London - East and North East"
"219",536602.95195335,199397.24164021,32,FALSE,"1","1.1","1","Outer London - East and North East"
"220",536620.31677112,199367.16489357,33,FALSE,"1","1.1","1","Outer London - East and North East"
"221",536646.92121543,199344.84111416,34,FALSE,"1","1.1","1","Outer London - East and North East"
"222",538158.24595949,198472.27736634,35,FALSE,"1","1.1","1","Outer London - East and North East"
"223",538164.42257495,198467.09457058,36,FALSE,"1","1.1","1","Outer London - East and North East"
"224",538165.82270001,198459.15406681,37,FALSE,"1","1.1","1","Outer London - East and North East"
"225",538165.82270001,196714.02657117,38,FALSE,"1","1.1","1","Outer London - East and North East"
"226",538171.85343793,196679.82455684,39,FALSE,"1","1.1","1","Outer London - East and North East"
"227",538189.2182557,196649.7478102,40,FALSE,"1","1.1","1","Outer London - East and North East"
"228",538215.82270001,196627.42403079,41,FALSE,"1","1.1","1","Outer London - East and North East"
"229",539727.14744407,195754.86028298,42,FALSE,"1","1.1","1","Outer London - East and North East"
"230",539733.32405953,195749.67748722,43,FALSE,"1","1.1","1","Outer London - East and North East"
"231",539734.72418459,195741.73698345,44,FALSE,"1","1.1","1","Outer London - East and North East"
"232",539734.72418459,193996.60948781,45,FALSE,"1","1.1","1","Outer London - East and North East"
"233",539740.75492251,193962.40747348,46,FALSE,"1","1.1","1","Outer London - East and North East"
"234",539758.11974028,193932.33072684,47,FALSE,"1","1.1","1","Outer London - East and North East"
"235",539784.72418459,193910.00694743,48,FALSE,"1","1.1","1","Outer London - East and North East"
"236",541253.62566917,193061.9362799,49,FALSE,"1","1.1","1","Outer London - East and North East"
"237",541286.2608514,193050.05804498,50,FALSE,"1","1.1","1","Outer London - East and North East"
"238",541320.99048694,193050.05804498,51,FALSE,"1","1.1","1","Outer London - East and North East"
"239",541353.62566917,193061.9362799,52,FALSE,"1","1.1","1","Outer London - East and North East"
"240",542864.95041323,193934.50002771,53,FALSE,"1","1.1","1","Outer London - East and North East"
"241",542872.52715375,193937.25773573,54,FALSE,"1","1.1","1","Outer London - East and North East"
"242",542880.10389427,193934.50002771,55,FALSE,"1","1.1","1","Outer London - East and North East"
"243",544391.42863833,193061.9362799,56,FALSE,"1","1.1","1","Outer London - East and North East"
"244",544424.06382056,193050.05804498,57,FALSE,"1","1.1","1","Outer London - East and North East"
"245",544458.7934561,193050.05804498,58,FALSE,"1","1.1","1","Outer London - East and North East"
"246",544491.42863833,193061.9362799,59,FALSE,"1","1.1","1","Outer London - East and North East"
"247",546002.75338239,193934.50002771,60,FALSE,"1","1.1","1","Outer London - East and North East"
"248",546010.33012291,193937.25773573,61,FALSE,"1","1.1","1","Outer London - East and North East"
"249",546017.90686343,193934.50002771,62,FALSE,"1","1.1","1","Outer London - East and North East"
"250",547529.23160749,193061.9362799,63,FALSE,"1","1.1","1","Outer London - East and North East"
"251",547561.86678972,193050.05804498,64,FALSE,"1","1.1","1","Outer London - East and North East"
"252",547596.59642526,193050.05804498,65,FALSE,"1","1.1","1","Outer London - East and North East"
"253",547629.23160749,193061.9362799,66,FALSE,"1","1.1","1","Outer London - East and North East"
"254",549140.55635155,193934.50002771,67,FALSE,"1","1.1","1","Outer London - East and North East"
"255",549148.13309207,193937.25773573,68,FALSE,"1","1.1","1","Outer London - East and North East"
"256",549155.70983259,193934.50002771,69,FALSE,"1","1.1","1","Outer London - East and North East"
"257",550667.03457666,193061.93627989,70,FALSE,"1","1.1","1","Outer London - East and North East"
"258",550699.66975889,193050.05804497,71,FALSE,"1","1.1","1","Outer London - East and North East"
"259",550734.39939443,193050.05804497,72,FALSE,"1","1.1","1","Outer London - East and North East"
"260",550767.03457666,193061.93627989,73,FALSE,"1","1.1","1","Outer London - East and North East"
"261",552278.35932072,193934.50002771,74,FALSE,"1","1.1","1","Outer London - East and North East"
"262",552285.93606124,193937.25773573,75,FALSE,"1","1.1","1","Outer London - East and North East"
"263",552293.51280176,193934.50002771,76,FALSE,"1","1.1","1","Outer London - East and North East"
"264",553804.83754582,193061.9362799,77,FALSE,"1","1.1","1","Outer London - East and North East"
"265",553837.47272805,193050.05804498,78,FALSE,"1","1.1","1","Outer London - East and North East"
"266",553872.20236359,193050.05804498,79,FALSE,"1","1.1","1","Outer London - East and North East"
"267",553904.83754582,193061.9362799,80,FALSE,"1","1.1","1","Outer London - East and North East"
"268",555416.16228988,193934.50002771,81,FALSE,"1","1.1","1","Outer London - East and North East"
"269",555423.7390304,193937.25773573,82,FALSE,"1","1.1","1","Outer London - East and North East"
"270",555431.31577092,193934.50002771,83,FALSE,"1","1.1","1","Outer London - East and North East"
"271",556985.06377446,193037.44319962,84,FALSE,"1","1.1","1","Outer London - East and North East"
"272",556991.24038992,193032.26040386,85,FALSE,"1","1.1","1","Outer London - East and North East"
"273",556992.64051498,193024.31990009,86,FALSE,"1","1.1","1","Outer London - East and North East"
"274",556992.64051498,191279.19240445,87,FALSE,"1","1.1","1","Outer London - East and North East"
"275",556998.6712529,191244.99039012,88,FALSE,"1","1.1","1","Outer London - East and North East"
"276",557016.03607067,191214.91364348,89,FALSE,"1","1.1","1","Outer London - East and North East"
"277",557042.64051498,191192.58986407,90,FALSE,"1","1.1","1","Outer London - East and North East"
"278",558553.96525904,190320.02611625,91,FALSE,"1","1.1","1","Outer London - East and North East"
"279",558560.1418745,190314.84332049,92,FALSE,"1","1.1","1","Outer London - East and North East"
"280",558561.54199956,190306.90281672,93,FALSE,"1","1.1","1","Outer London - East and North East"
"281",558561.54199956,188561.77532108,94,FALSE,"1","1.1","1","Outer London - East and North East"
"282",558567.57273748,188527.57330675,95,FALSE,"1","1.1","1","Outer London - East and North East"
"283",558584.93755525,188497.49656011,96,FALSE,"1","1.1","1","Outer London - East and North East"
"284",558611.54199956,188475.1727807,97,FALSE,"1","1.1","1","Outer London - East and North East"
"285",560122.86674362,187602.60903289,98,FALSE,"1","1.1","1","Outer London - East and North East"
"286",560129.04335908,187597.42623713,99,FALSE,"1","1.1","1","Outer London - East and North East"
"287",560130.44348414,187589.48573336,100,FALSE,"1","1.1","1","Outer London - East and North East"
"288",560130.44348414,185795.37207715,101,FALSE,"1","1.1","1","Outer London - East and North East"
"289",560129.04335908,185787.43157338,102,FALSE,"1","1.1","1","Outer London - East and North East"
"290",560122.86674362,185782.24877762,103,FALSE,"1","1.1","1","Outer London - East and North East"
"291",558611.54199956,184909.68502981,104,FALSE,"1","1.1","1","Outer London - East and North East"
"292",558584.93755525,184887.3612504,105,FALSE,"1","1.1","1","Outer London - East and North East"
"293",558567.57273748,184857.28450376,106,FALSE,"1","1.1","1","Outer London - East and North East"
"294",558561.54199956,184823.08248943,107,FALSE,"1","1.1","1","Outer London - East and North East"
"295",558561.54199956,183077.95499379,108,FALSE,"1","1.1","1","Outer London - East and North East"
"296",558560.1418745,183070.01449002,109,FALSE,"1","1.1","1","Outer London - East and North East"
"297",558553.96525904,183064.83169426,110,FALSE,"1","1.1","1","Outer London - East and North East"
"298",557000.2172555,182167.77486616,111,FALSE,"1","1.1","1","Outer London - East and North East"
"299",556992.64051498,182165.01715814,112,FALSE,"1","1.1","1","Outer London - East and North East"
"300",556985.06377446,182167.77486616,113,FALSE,"1","1.1","1","Outer London - East and North East"
"301",555473.7390304,183040.33861398,114,FALSE,"1","1.1","1","Outer London - East and North East"
"302",555441.10384817,183052.2168489,115,FALSE,"1","1.1","1","Outer London - East and North East"
"303",555406.37421263,183052.2168489,116,FALSE,"1","1.1","1","Outer London - East and North East"
"304",555373.7390304,183040.33861398,117,FALSE,"1","1.1","1","Outer London - East and North East"
"305",553904.83754582,182192.26794644,118,FALSE,"1","1.1","1","Outer London - East and North East"
"306",553878.23310151,182169.94416703,119,FALSE,"1","1.1","1","Outer London - East and North East"
"307",553860.86828374,182139.86742039,120,FALSE,"1","1.1","1","Outer London - East and North East"
"308",553854.83754582,182105.66540606,121,FALSE,"1","1.1","1","Outer London - East and North East"
"309",553854.83754582,180360.53791042,122,FALSE,"1","1.1","1","Outer London - East and North East"
"310",553853.43742076,180352.59740665,123,FALSE,"1","1.1","1","Outer London - East and North East"
"311",553847.2608053,180347.41461089,124,FALSE,"1","1.1","1","Outer London - East and North East"
"312",552335.93606124,179474.85086308,125,FALSE,"1","1.1","1","Outer London - East and North East"
"313",552309.33161693,179452.52708367,126,FALSE,"1","1.1","1","Outer London - East and North East"
"314",552291.96679916,179422.45033703,127,FALSE,"1","1.1","1","Outer London - East and North East"
"315",552285.93606124,179388.2483227,128,FALSE,"1","1.1","1","Outer London - East and North East"
"316",552285.93606124,177692.10698763,129,FALSE,"1","1.1","1","Outer London - East and North East"
"317",552291.96679916,177657.9049733,130,FALSE,"1","1.1","1","Outer London - East and North East"
"318",552309.33161693,177627.82822666,131,FALSE,"1","1.1","1","Outer London - East and North East"
"319",552335.93606124,177605.50444725,132,FALSE,"1","1.1","1","Outer London - East and North East"
"320",553847.2608053,176732.94069944,133,FALSE,"1","1.1","1","Outer London - East and North East"
"321",553853.43742076,176727.75790368,134,FALSE,"1","1.1","1","Outer London - East and North East"
"322",553854.83754582,176719.81739991,135,FALSE,"1","1.1","1","Outer London - East and North East"
"323",553854.83754582,174925.7037437,136,FALSE,"1","1.1","1","Outer London - East and North East"
"324",553853.43742076,174917.76323993,137,FALSE,"1","1.1","1","Outer London - East and North East"
"325",553847.2608053,174912.58044417,138,FALSE,"1","1.1","1","Outer London - East and North East"
"326",552335.93606124,174040.01669635,139,FALSE,"1","1.1","1","Outer London - East and North East"
"327",552309.33161693,174017.69291694,140,FALSE,"1","1.1","1","Outer London - East and North East"
"328",552291.96679916,173987.6161703,141,FALSE,"1","1.1","1","Outer London - East and North East"
"329",552285.93606124,173953.41415597,142,FALSE,"1","1.1","1","Outer London - East and North East"
"330",552285.93606124,172208.28666033,143,FALSE,"1","1.1","1","Outer London - East and North East"
"331",552284.53593618,172200.34615656,144,FALSE,"1","1.1","1","Outer London - East and North East"
"332",552278.35932072,172195.1633608,145,FALSE,"1","1.1","1","Outer London - East and North East"
"333",550767.03457665,171322.59961299,146,FALSE,"1","1.1","1","Outer London - East and North East"
"334",550740.43013234,171300.27583358,147,FALSE,"1","1.1","1","Outer London - East and North East"
"335",550723.06531457,171270.19908694,148,FALSE,"1","1.1","1","Outer London - East and North East"
"336",550717.03457665,171235.99707261,149,FALSE,"1","1.1","1","Outer London - East and North East"
"337",550717.03457665,169490.86957697,150,FALSE,"1","1.1","1","Outer London - East and North East"
"338",550715.63445159,169482.9290732,151,FALSE,"1","1.1","1","Outer London - East and North East"
"339",550709.45783613,169477.74627744,152,FALSE,"1","1.1","1","Outer London - East and North East"
"340",549155.70983259,168580.68944935,153,FALSE,"1","1.1","1","Outer London - East and North East"
"341",549148.13309207,168577.93174133,154,FALSE,"1","1.1","1","Outer London - East and North East"
"342",549140.55635155,168580.68944935,155,FALSE,"1","1.1","1","Outer London - East and North East"
"343",547586.80834801,169477.74627744,156,FALSE,"1","1.1","1","Outer London - East and North East"
"344",547580.63173255,169482.9290732,157,FALSE,"1","1.1","1","Outer London - East and North East"
"345",547579.23160749,169490.86957697,158,FALSE,"1","1.1","1","Outer London - East and North East"
"346",547579.23160749,171235.99707261,159,FALSE,"1","1.1","1","Outer London - East and North East"
"347",547573.20086957,171270.19908694,160,FALSE,"1","1.1","1","Outer London - East and North East"
"348",547555.8360518,171300.27583358,161,FALSE,"1","1.1","1","Outer London - East and North East"
"349",547529.23160749,171322.59961299,162,FALSE,"1","1.1","1","Outer London - East and North East"
"350",546060.33012291,172170.67028052,163,FALSE,"1","1.1","1","Outer London - East and North East"
"351",546027.69494068,172182.54851544,164,FALSE,"1","1.1","1","Outer London - East and North East"
"352",545992.96530514,172182.54851544,165,FALSE,"1","1.1","1","Outer London - East and North East"
"353",545960.33012291,172170.67028052,166,FALSE,"1","1.1","1","Outer London - East and North East"
"354",544449.00537885,171298.10653271,167,FALSE,"1","1.1","1","Outer London - East and North East"
"355",544441.42863833,171295.34882469,168,FALSE,"1","1.1","1","Outer London - East and North East"
"356",544433.85189781,171298.10653271,169,FALSE,"1","1.1","1","Outer London - East and North East"
"357",542880.10389427,172195.1633608,170,FALSE,"1","1.1","1","Outer London - East and North East"
"358",542873.92727881,172200.34615656,171,FALSE,"1","1.1","1","Outer London - East and North East"
"359",542872.52715375,172208.28666033,172,FALSE,"1","1.1","1","Outer London - East and North East"
"360",542872.52715375,173953.41415597,173,FALSE,"1","1.1","1","Outer London - East and North East"
"361",542866.49641583,173987.6161703,174,FALSE,"1","1.1","1","Outer London - East and North East"
"362",542849.13159806,174017.69291694,175,FALSE,"1","1.1","1","Outer London - East and North East"
"363",542822.52715375,174040.01669635,176,FALSE,"1","1.1","1","Outer London - East and North East"
"364",541311.20240969,174912.58044417,177,FALSE,"1","1.1","1","Outer London - East and North East"
"365",541305.02579423,174917.76323993,178,FALSE,"1","1.1","1","Outer London - East and North East"
"366",541303.62566917,174925.7037437,179,FALSE,"1","1.1","1","Outer London - East and North East"
"367",541303.62566917,176670.83123934,180,FALSE,"1","1.1","1","Outer London - East and North East"
"368",541297.59493125,176705.03325367,181,FALSE,"1","1.1","1","Outer London - East and North East"
"369",541280.23011348,176735.11000031,182,FALSE,"1","1.1","1","Outer London - East and North East"
"370",541253.62566917,176757.43377972,183,FALSE,"1","1.1","1","Outer London - East and North East"
"371",539742.30092511,177629.99752753,184,FALSE,"1","1.1","1","Outer London - East and North East"
"372",539736.12430965,177635.18032329,185,FALSE,"1","1.1","1","Outer London - East and North East"
"373",539734.72418459,177643.12082706,186,FALSE,"1","1.1","1","Outer London - East and North East"
"374",539734.72418459,179437.23448327,187,FALSE,"1","1.1","1","Outer London - East and North East"
"375",539736.12430965,179445.17498704,188,FALSE,"1","1.1","1","Outer London - East and North East"
"376",539742.30092511,179450.3577828,189,FALSE,"1","1.1","1","Outer London - East and North East"
"377",541296.04892865,180347.41461089,190,FALSE,"1","1.1","1","Outer London - East and North East"
"378",541303.62566917,180350.17231891,191,FALSE,"1","1.1","1","Outer London - East and North East"
"379",541311.20240969,180347.41461089,192,FALSE,"1","1.1","1","Outer London - East and North East"
"380",542822.52715375,179474.85086308,193,FALSE,"1","1.1","1","Outer London - East and North East"
"381",542855.16233598,179462.97262816,194,FALSE,"1","1.1","1","Outer London - East and North East"
"382",542889.89197152,179462.97262816,195,FALSE,"1","1.1","1","Outer London - East and North East"
"383",542922.52715375,179474.85086308,196,FALSE,"1","1.1","1","Outer London - East and North East"
"384",544391.42863833,180322.92153061,197,FALSE,"1","1.1","1","Outer London - East and North East"
"385",544418.03308264,180345.24531002,198,FALSE,"1","1.1","1","Outer London - East and North East"
"386",544435.39790041,180375.32205666,199,FALSE,"1","1.1","1","Outer London - East and North East"
"387",544441.42863833,180409.52407099,200,FALSE,"1","1.1","1","Outer London - East and North East"
"388",544441.42863833,182154.65156663,201,FALSE,"1","1.1","1","Outer London - East and North East"
"389",544442.82876339,182162.5920704,202,FALSE,"1","1.1","1","Outer London - East and North East"
"390",544449.00537885,182167.77486616,203,FALSE,"1","1.1","1","Outer London - East and North East"
"391",545960.33012291,183040.33861398,204,FALSE,"1","1.1","1","Outer London - East and North East"
"392",545986.93456722,183062.66239339,205,FALSE,"1","1.1","1","Outer London - East and North East"
"393",546004.29938499,183092.73914003,206,FALSE,"1","1.1","1","Outer London - East and North East"
"394",546010.33012291,183126.94115436,207,FALSE,"1","1.1","1","Outer London - East and North East"
"395",546010.33012291,184823.08248943,208,FALSE,"1","1.1","1","Outer London - East and North East"
"396",546004.29938499,184857.28450376,209,FALSE,"1","1.1","1","Outer London - East and North East"
"397",545986.93456722,184887.3612504,210,FALSE,"1","1.1","1","Outer London - East and North East"
"398",545960.33012291,184909.68502981,211,FALSE,"1","1.1","1","Outer London - East and North East"
"399",544449.00537885,185782.24877762,212,FALSE,"1","1.1","1","Outer London - East and North East"
"400",544442.82876339,185787.43157338,213,FALSE,"1","1.1","1","Outer London - East and North East"
"401",544441.42863833,185795.37207715,214,FALSE,"1","1.1","1","Outer London - East and North East"
"402",544441.42863833,187540.49957279,215,FALSE,"1","1.1","1","Outer London - East and North East"
"403",544435.39790041,187574.70158712,216,FALSE,"1","1.1","1","Outer London - East and North East"
"404",544418.03308264,187604.77833376,217,FALSE,"1","1.1","1","Outer London - East and North East"
"405",544391.42863833,187627.10211317,218,FALSE,"1","1.1","1","Outer London - East and North East"
"406",542922.52715375,188475.1727807,219,FALSE,"1","1.1","1","Outer London - East and North East"
"407",542889.89197152,188487.05101562,220,FALSE,"1","1.1","1","Outer London - East and North East"
"408",542855.16233598,188487.05101562,221,FALSE,"1","1.1","1","Outer London - East and North East"
"409",542822.52715375,188475.1727807,222,FALSE,"1","1.1","1","Outer London - East and North East"
"410",541353.62566917,187627.10211317,223,FALSE,"1","1.1","1","Outer London - East and North East"
"411",541327.02122486,187604.77833376,224,FALSE,"1","1.1","1","Outer London - East and North East"
"412",541309.65640709,187574.70158712,225,FALSE,"1","1.1","1","Outer London - East and North East"
"413",541303.62566917,187540.49957279,226,FALSE,"1","1.1","1","Outer London - East and North East"
"414",541303.62566917,185795.37207715,227,FALSE,"1","1.1","1","Outer London - East and North East"
"415",541302.22554411,185787.43157338,228,FALSE,"1","1.1","1","Outer London - East and North East"
"416",541296.04892865,185782.24877762,229,FALSE,"1","1.1","1","Outer London - East and North East"
"417",539742.30092511,184885.19194953,230,FALSE,"1","1.1","1","Outer London - East and North East"
"418",539734.72418459,184882.43424151,231,FALSE,"1","1.1","1","Outer London - East and North East"
"419",539727.14744407,184885.19194953,232,FALSE,"1","1.1","1","Outer London - East and North East"
"420",538173.39944053,185782.24877762,233,FALSE,"1","1.1","1","Outer London - East and North East"
"421",538167.22282507,185787.43157338,234,FALSE,"1","1.1","1","Outer London - East and North East"
"422",538165.82270001,185795.37207715,235,FALSE,"1","1.1","1","Outer London - East and North East"
"423",538165.82270001,187540.49957279,236,FALSE,"1","1.1","1","Outer London - East and North East"
"424",538159.79196209,187574.70158712,237,FALSE,"1","1.1","1","Outer London - East and North East"
"425",538142.42714432,187604.77833376,238,FALSE,"1","1.1","1","Outer London - East and North East"
"426",538115.82270001,187627.10211317,239,FALSE,"1","1.1","1","Outer London - East and North East"
"427",536604.49795595,188499.66586098,240,FALSE,"1","1.1","1","Outer London - East and North East"
"428",536598.32134049,188504.84865674,241,FALSE,"1","1.1","1","Outer London - East and North East"
"429",536596.92121543,188512.78916051,242,FALSE,"1","1.1","1","Outer London - East and North East"
"430",536596.92121543,190257.91665615,243,FALSE,"1","1.1","1","Outer London - East and North East"
"431",536590.89047751,190292.11867048,244,FALSE,"1","1.1","1","Outer London - East and North East"
"432",536573.52565974,190322.19541712,245,FALSE,"1","1.1","1","Outer London - East and North East"
"433",536546.92121543,190344.51919653,246,FALSE,"1","1.1","1","Outer London - East and North East"
"434",535035.59647137,191217.08294435,247,FALSE,"1","1.1","1","Outer London - East and North East"
"435",535029.41985591,191222.26574011,248,FALSE,"1","1.1","1","Outer London - East and North East"
"436",535028.01973085,191230.20624388,249,FALSE,"1","1.1","1","Outer London - East and North East"
"437",535028.01973085,192975.33373952,250,FALSE,"1","1.1","1","Outer London - East and North East"
"438",535021.98899293,193009.53575385,251,FALSE,"1","1.1","1","Outer London - East and North East"
"439",535004.62417516,193039.61250049,252,FALSE,"1","1.1","1","Outer London - East and North East"
"440",534978.01973085,193061.9362799,253,FALSE,"1","1.1","1","Outer London - East and North East"
"441",533509.11824627,193910.00694743,254,FALSE,"1","1.1","1","Outer London - East and North East"
"442",533476.48306404,193921.88518235,255,FALSE,"1","1.1","1","Outer London - East and North East"
"443",533441.7534285,193921.88518235,256,FALSE,"1","1.1","1","Outer London - East and North East"
"444",533409.11824627,193910.00694743,257,FALSE,"1","1.1","1","Outer London - East and North East"
"445",531897.79350221,193037.44319962,258,FALSE,"1","1.1","1","Outer London - East and North East"
"446",531890.21676169,193034.6854916,259,FALSE,"1","1.1","1","Outer London - East and North East"
"447",531882.64002117,193037.44319962,260,FALSE,"1","1.1","1","Outer London - East and North East"
"448",530371.31527711,193910.00694743,261,FALSE,"1","1.1","1","Outer London - East and North East"
"449",530338.68009488,193921.88518235,262,FALSE,"1","1.1","1","Outer London - East and North East"
"450",530303.95045934,193921.88518235,263,FALSE,"1","1.1","1","Outer London - East and North East"
"451",530271.31527711,193910.00694743,264,FALSE,"1","1.1","1","Outer London - East and North East"
"452",528759.99053305,193037.44319962,265,FALSE,"1","1.1","1","Outer London - East and North East"
"453",528752.41379253,193034.6854916,266,FALSE,"1","1.1","1","Outer London - East and North East"
"454",528744.83705201,193037.44319962,267,FALSE,"1","1.1","1","Outer London - East and North East"
"455",527191.08904847,193934.50002771,268,FALSE,"1","1.1","1","Outer London - East and North East"
"456",527184.91243301,193939.68282347,269,FALSE,"1","1.1","1","Outer London - East and North East"
"457",527183.51230795,193947.62332724,270,FALSE,"1","1.1","1","Outer London - East and North East"
"458",527183.51230795,195741.73698345,271,FALSE,"1","1.1","1","Outer London - East and North East"
"459",502081.08855466,190306.90281672,1,FALSE,"1","1.1","1","Outer London - West and North West"
"460",502082.48867972,190314.84332049,2,FALSE,"1","1.1","1","Outer London - West and North West"
"461",502088.66529518,190320.02611625,3,FALSE,"1","1.1","1","Outer London - West and North West"
"462",503599.99003924,191192.58986407,4,FALSE,"1","1.1","1","Outer London - West and North West"
"463",503626.59448355,191214.91364348,5,FALSE,"1","1.1","1","Outer London - West and North West"
"464",503643.95930132,191244.99039012,6,FALSE,"1","1.1","1","Outer London - West and North West"
"465",503649.99003924,191279.19240445,7,FALSE,"1","1.1","1","Outer London - West and North West"
"466",503649.99003924,193024.31990009,8,FALSE,"1","1.1","1","Outer London - West and North West"
"467",503651.3901643,193032.26040386,9,FALSE,"1","1.1","1","Outer London - West and North West"
"468",503657.56677976,193037.44319962,10,FALSE,"1","1.1","1","Outer London - West and North West"
"469",505211.3147833,193934.50002771,11,FALSE,"1","1.1","1","Outer London - West and North West"
"470",505218.89152382,193937.25773573,12,FALSE,"1","1.1","1","Outer London - West and North West"
"471",505226.46826434,193934.50002771,13,FALSE,"1","1.1","1","Outer London - West and North West"
"472",506737.7930084,193061.9362799,14,FALSE,"1","1.1","1","Outer London - West and North West"
"473",506770.42819063,193050.05804498,15,FALSE,"1","1.1","1","Outer London - West and North West"
"474",506805.15782617,193050.05804498,16,FALSE,"1","1.1","1","Outer London - West and North West"
"475",506837.7930084,193061.9362799,17,FALSE,"1","1.1","1","Outer London - West and North West"
"476",508349.11775246,193934.50002771,18,FALSE,"1","1.1","1","Outer London - West and North West"
"477",508356.69449298,193937.25773573,19,FALSE,"1","1.1","1","Outer London - West and North West"
"478",508364.2712335,193934.50002771,20,FALSE,"1","1.1","1","Outer London - West and North West"
"479",509875.59597756,193061.9362799,21,FALSE,"1","1.1","1","Outer London - West and North West"
"480",509908.23115979,193050.05804498,22,FALSE,"1","1.1","1","Outer London - West and North West"
"481",509942.96079533,193050.05804498,23,FALSE,"1","1.1","1","Outer London - West and North West"
"482",509975.59597756,193061.9362799,24,FALSE,"1","1.1","1","Outer London - West and North West"
"483",511486.92072163,193934.50002771,25,FALSE,"1","1.1","1","Outer London - West and North West"
"484",511494.49746215,193937.25773573,26,FALSE,"1","1.1","1","Outer London - West and North West"
"485",511502.07420267,193934.50002771,27,FALSE,"1","1.1","1","Outer London - West and North West"
"486",513013.39894673,193061.9362799,28,FALSE,"1","1.1","1","Outer London - West and North West"
"487",513046.03412896,193050.05804498,29,FALSE,"1","1.1","1","Outer London - West and North West"
"488",513080.7637645,193050.05804498,30,FALSE,"1","1.1","1","Outer London - West and North West"
"489",513113.39894673,193061.9362799,31,FALSE,"1","1.1","1","Outer London - West and North West"
"490",514624.72369079,193934.50002771,32,FALSE,"1","1.1","1","Outer London - West and North West"
"491",514632.30043131,193937.25773573,33,FALSE,"1","1.1","1","Outer London - West and North West"
"492",514639.87717183,193934.50002771,34,FALSE,"1","1.1","1","Outer London - West and North West"
"493",516151.20191589,193061.9362799,35,FALSE,"1","1.1","1","Outer London - West and North West"
"494",516183.83709812,193050.05804498,36,FALSE,"1","1.1","1","Outer London - West and North West"
"495",516218.56673366,193050.05804498,37,FALSE,"1","1.1","1","Outer London - West and North West"
"496",516251.20191589,193061.9362799,38,FALSE,"1","1.1","1","Outer London - West and North West"
"497",517720.10340047,193910.00694743,39,FALSE,"1","1.1","1","Outer London - West and North West"
"498",517746.70784478,193932.33072684,40,FALSE,"1","1.1","1","Outer London - West and North West"
"499",517764.07266255,193962.40747348,41,FALSE,"1","1.1","1","Outer London - West and North West"
"500",517770.10340047,193996.60948781,42,FALSE,"1","1.1","1","Outer London - West and North West"
"501",517770.10340047,195741.73698345,43,FALSE,"1","1.1","1","Outer London - West and North West"
"502",517771.50352553,195749.67748722,44,FALSE,"1","1.1","1","Outer London - West and North West"
"503",517777.68014099,195754.86028298,45,FALSE,"1","1.1","1","Outer London - West and North West"
"504",519331.42814453,196651.91711107,46,FALSE,"1","1.1","1","Outer London - West and North West"
"505",519339.00488505,196654.67481909,47,FALSE,"1","1.1","1","Outer London - West and North West"
"506",519346.58162557,196651.91711107,48,FALSE,"1","1.1","1","Outer London - West and North West"
"507",520857.90636963,195779.35336326,49,FALSE,"1","1.1","1","Outer London - West and North West"
"508",520890.54155186,195767.47512834,50,FALSE,"1","1.1","1","Outer London - West and North West"
"509",520925.2711874,195767.47512834,51,FALSE,"1","1.1","1","Outer London - West and North West"
"510",520957.90636963,195779.35336326,52,FALSE,"1","1.1","1","Outer London - West and North West"
"511",522426.80785421,196627.42403079,53,FALSE,"1","1.1","1","Outer London - West and North West"
"512",522453.41229852,196649.7478102,54,FALSE,"1","1.1","1","Outer London - West and North West"
"513",522470.77711629,196679.82455684,55,FALSE,"1","1.1","1","Outer London - West and North West"
"514",522476.80785421,196714.02657117,56,FALSE,"1","1.1","1","Outer London - West and North West"
"515",522476.80785421,198459.15406681,57,FALSE,"1","1.1","1","Outer London - West and North West"
"516",522478.20797927,198467.09457058,58,FALSE,"1","1.1","1","Outer London - West and North West"
"517",522484.38459473,198472.27736634,59,FALSE,"1","1.1","1","Outer London - West and North West"
"518",524038.13259827,199369.33419444,60,FALSE,"1","1.1","1","Outer London - West and North West"
"519",524045.70933879,199372.09190246,61,FALSE,"1","1.1","1","Outer London - West and North West"
"520",524053.28607931,199369.33419444,62,FALSE,"1","1.1","1","Outer London - West and North West"
"521",525564.61082337,198496.77044662,63,FALSE,"1","1.1","1","Outer London - West and North West"
"522",525597.2460056,198484.8922117,64,FALSE,"1","1.1","1","Outer London - West and North West"
"523",525631.97564114,198484.8922117,65,FALSE,"1","1.1","1","Outer London - West and North West"
"524",525664.61082337,198496.77044662,66,FALSE,"1","1.1","1","Outer London - West and North West"
"525",527175.93556743,199369.33419444,67,FALSE,"1","1.1","1","Outer London - West and North West"
"526",527183.51230795,199372.09190246,68,FALSE,"1","1.1","1","Outer London - West and North West"
"527",527191.08904847,199369.33419444,69,FALSE,"1","1.1","1","Outer London - West and North West"
"528",528744.83705201,198472.27736634,70,FALSE,"1","1.1","1","Outer London - West and North West"
"529",528751.01366747,198467.09457058,71,FALSE,"1","1.1","1","Outer London - West and North West"
"530",528752.41379253,198459.15406681,72,FALSE,"1","1.1","1","Outer London - West and North West"
"531",528752.41379253,196665.04041061,73,FALSE,"1","1.1","1","Outer London - West and North West"
"532",528751.01366747,196657.09990684,74,FALSE,"1","1.1","1","Outer London - West and North West"
"533",528744.83705201,196651.91711108,75,FALSE,"1","1.1","1","Outer London - West and North West"
"534",527233.51230795,195779.35336326,76,FALSE,"1","1.1","1","Outer London - West and North West"
"535",527206.90786364,195757.02958385,77,FALSE,"1","1.1","1","Outer London - West and North West"
"536",527189.54304587,195726.95283721,78,FALSE,"1","1.1","1","Outer London - West and North West"
"537",527183.51230795,195692.75082288,79,FALSE,"1","1.1","1","Outer London - West and North West"
"538",527183.51230795,193996.60948781,80,FALSE,"1","1.1","1","Outer London - West and North West"
"539",527189.54304587,193962.40747348,81,FALSE,"1","1.1","1","Outer London - West and North West"
"540",527206.90786364,193932.33072684,82,FALSE,"1","1.1","1","Outer London - West and North West"
"541",527233.51230795,193910.00694743,83,FALSE,"1","1.1","1","Outer London - West and North West"
"542",528744.83705201,193037.44319962,84,FALSE,"1","1.1","1","Outer London - West and North West"
"543",528751.01366747,193032.26040386,85,FALSE,"1","1.1","1","Outer London - West and North West"
"544",528752.41379253,193024.31990009,86,FALSE,"1","1.1","1","Outer London - West and North West"
"545",528752.41379253,191230.20624388,87,FALSE,"1","1.1","1","Outer London - West and North West"
"546",528751.01366747,191222.26574011,88,FALSE,"1","1.1","1","Outer London - West and North West"
"547",528744.83705201,191217.08294435,89,FALSE,"1","1.1","1","Outer London - West and North West"
"548",527233.51230795,190344.51919653,90,FALSE,"1","1.1","1","Outer London - West and North West"
"549",527206.90786364,190322.19541712,91,FALSE,"1","1.1","1","Outer London - West and North West"
"550",527189.54304587,190292.11867048,92,FALSE,"1","1.1","1","Outer London - West and North West"
"551",527183.51230795,190257.91665615,93,FALSE,"1","1.1","1","Outer London - West and North West"
"552",527183.51230795,188512.78916051,94,FALSE,"1","1.1","1","Outer London - West and North West"
"553",527182.11218289,188504.84865674,95,FALSE,"1","1.1","1","Outer London - West and North West"
"554",527175.93556743,188499.66586098,96,FALSE,"1","1.1","1","Outer London - West and North West"
"555",525622.18756389,187602.60903289,97,FALSE,"1","1.1","1","Outer London - West and North West"
"556",525614.61082337,187599.85132487,98,FALSE,"1","1.1","1","Outer London - West and North West"
"557",525607.03408285,187602.60903289,99,FALSE,"1","1.1","1","Outer London - West and North West"
"558",524095.70933879,188475.1727807,100,FALSE,"1","1.1","1","Outer London - West and North West"
"559",524063.07415656,188487.05101562,101,FALSE,"1","1.1","1","Outer London - West and North West"
"560",524028.34452102,188487.05101562,102,FALSE,"1","1.1","1","Outer London - West and North West"
"561",523995.70933879,188475.1727807,103,FALSE,"1","1.1","1","Outer London - West and North West"
"562",522526.80785421,187627.10211317,104,FALSE,"1","1.1","1","Outer London - West and North West"
"563",522500.2034099,187604.77833376,105,FALSE,"1","1.1","1","Outer London - West and North West"
"564",522482.83859213,187574.70158712,106,FALSE,"1","1.1","1","Outer London - West and North West"
"565",522476.80785421,187540.49957279,107,FALSE,"1","1.1","1","Outer London - West and North West"
"566",522476.80785421,185844.35823772,108,FALSE,"1","1.1","1","Outer London - West and North West"
"567",522482.83859213,185810.15622339,109,FALSE,"1","1.1","1","Outer London - West and North West"
"568",522500.2034099,185780.07947675,110,FALSE,"1","1.1","1","Outer London - West and North West"
"569",522526.80785421,185757.75569734,111,FALSE,"1","1.1","1","Outer London - West and North West"
"570",524038.13259827,184885.19194953,112,FALSE,"1","1.1","1","Outer London - West and North West"
"571",524044.30921373,184880.00915377,113,FALSE,"1","1.1","1","Outer London - West and North West"
"572",524045.70933879,184872.06865,114,FALSE,"1","1.1","1","Outer London - West and North West"
"573",524045.70933879,183077.95499379,115,FALSE,"1","1.1","1","Outer London - West and North West"
"574",524044.30921373,183070.01449002,116,FALSE,"1","1.1","1","Outer London - West and North West"
"575",524038.13259827,183064.83169426,117,FALSE,"1","1.1","1","Outer London - West and North West"
"576",522484.38459473,182167.77486616,118,FALSE,"1","1.1","1","Outer London - West and North West"
"577",522476.80785421,182165.01715814,119,FALSE,"1","1.1","1","Outer London - West and North West"
"578",522469.23111369,182167.77486616,120,FALSE,"1","1.1","1","Outer London - West and North West"
"579",520957.90636963,183040.33861398,121,FALSE,"1","1.1","1","Outer London - West and North West"
"580",520925.2711874,183052.2168489,122,FALSE,"1","1.1","1","Outer London - West and North West"
"581",520890.54155186,183052.2168489,123,FALSE,"1","1.1","1","Outer London - West and North West"
"582",520857.90636963,183040.33861398,124,FALSE,"1","1.1","1","Outer London - West and North West"
"583",519389.00488505,182192.26794644,125,FALSE,"1","1.1","1","Outer London - West and North West"
"584",519362.40044074,182169.94416703,126,FALSE,"1","1.1","1","Outer London - West and North West"
"585",519345.03562297,182139.86742039,127,FALSE,"1","1.1","1","Outer London - West and North West"
"586",519339.00488505,182105.66540606,128,FALSE,"1","1.1","1","Outer London - West and North West"
"587",519339.00488505,180409.52407099,129,FALSE,"1","1.1","1","Outer London - West and North West"
"588",519345.03562297,180375.32205666,130,FALSE,"1","1.1","1","Outer London - West and North West"
"589",519362.40044074,180345.24531002,131,FALSE,"1","1.1","1","Outer London - West and North West"
"590",519389.00488505,180322.92153061,132,FALSE,"1","1.1","1","Outer London - West and North West"
"591",520900.32962911,179450.3577828,133,FALSE,"1","1.1","1","Outer London - West and North West"
"592",520906.50624457,179445.17498704,134,FALSE,"1","1.1","1","Outer London - West and North West"
"593",520907.90636963,179437.23448327,135,FALSE,"1","1.1","1","Outer London - West and North West"
"594",520907.90636963,177692.10698763,136,FALSE,"1","1.1","1","Outer London - West and North West"
"595",520913.93710755,177657.9049733,137,FALSE,"1","1.1","1","Outer London - West and North West"
"596",520931.30192532,177627.82822666,138,FALSE,"1","1.1","1","Outer London - West and North West"
"597",520957.90636963,177605.50444725,139,FALSE,"1","1.1","1","Outer London - West and North West"
"598",522469.23111369,176732.94069944,140,FALSE,"1","1.1","1","Outer London - West and North West"
"599",522475.40772915,176727.75790368,141,FALSE,"1","1.1","1","Outer London - West and North West"
"600",522476.80785421,176719.81739991,142,FALSE,"1","1.1","1","Outer London - West and North West"
"601",522476.80785421,174925.7037437,143,FALSE,"1","1.1","1","Outer London - West and North West"
"602",522475.40772915,174917.76323993,144,FALSE,"1","1.1","1","Outer London - West and North West"
"603",522469.23111369,174912.58044417,145,FALSE,"1","1.1","1","Outer London - West and North West"
"604",520957.90636963,174040.01669635,146,FALSE,"1","1.1","1","Outer London - West and North West"
"605",520931.30192532,174017.69291694,147,FALSE,"1","1.1","1","Outer London - West and North West"
"606",520913.93710755,173987.6161703,148,FALSE,"1","1.1","1","Outer London - West and North West"
"607",520907.90636963,173953.41415597,149,FALSE,"1","1.1","1","Outer London - West and North West"
"608",520907.90636963,172208.28666033,150,FALSE,"1","1.1","1","Outer London - West and North West"
"609",520906.50624457,172200.34615656,151,FALSE,"1","1.1","1","Outer London - West and North West"
"610",520900.32962911,172195.1633608,152,FALSE,"1","1.1","1","Outer London - West and North West"
"611",519346.58162557,171298.10653271,153,FALSE,"1","1.1","1","Outer London - West and North West"
"612",519339.00488505,171295.34882469,154,FALSE,"1","1.1","1","Outer London - West and North West"
"613",519331.42814453,171298.10653271,155,FALSE,"1","1.1","1","Outer London - West and North West"
"614",517820.10340047,172170.67028052,156,FALSE,"1","1.1","1","Outer London - West and North West"
"615",517787.46821824,172182.54851544,157,FALSE,"1","1.1","1","Outer London - West and North West"
"616",517752.7385827,172182.54851544,158,FALSE,"1","1.1","1","Outer London - West and North West"
"617",517720.10340047,172170.67028052,159,FALSE,"1","1.1","1","Outer London - West and North West"
"618",516251.20191589,171322.59961299,160,FALSE,"1","1.1","1","Outer London - West and North West"
"619",516224.59747158,171300.27583358,161,FALSE,"1","1.1","1","Outer London - West and North West"
"620",516207.23265381,171270.19908694,162,FALSE,"1","1.1","1","Outer London - West and North West"
"621",516201.20191589,171235.99707261,163,FALSE,"1","1.1","1","Outer London - West and North West"
"622",516201.20191589,169490.86957697,164,FALSE,"1","1.1","1","Outer London - West and North West"
"623",516199.80179083,169482.9290732,165,FALSE,"1","1.1","1","Outer London - West and North West"
"624",516193.62517537,169477.74627744,166,FALSE,"1","1.1","1","Outer London - West and North West"
"625",514639.87717183,168580.68944935,167,FALSE,"1","1.1","1","Outer London - West and North West"
"626",514632.30043131,168577.93174133,168,FALSE,"1","1.1","1","Outer London - West and North West"
"627",514624.72369079,168580.68944935,169,FALSE,"1","1.1","1","Outer London - West and North West"
"628",513113.39894673,169453.25319716,170,FALSE,"1","1.1","1","Outer London - West and North West"
"629",513080.7637645,169465.13143208,171,FALSE,"1","1.1","1","Outer London - West and North West"
"630",513046.03412896,169465.13143208,172,FALSE,"1","1.1","1","Outer London - West and North West"
"631",513013.39894673,169453.25319716,173,FALSE,"1","1.1","1","Outer London - West and North West"
"632",511502.07420267,168580.68944935,174,FALSE,"1","1.1","1","Outer London - West and North West"
"633",511494.49746215,168577.93174133,175,FALSE,"1","1.1","1","Outer London - West and North West"
"634",511486.92072163,168580.68944935,176,FALSE,"1","1.1","1","Outer London - West and North West"
"635",509933.17271808,169477.74627744,177,FALSE,"1","1.1","1","Outer London - West and North West"
"636",509926.99610262,169482.9290732,178,FALSE,"1","1.1","1","Outer London - West and North West"
"637",509925.59597756,169490.86957697,179,FALSE,"1","1.1","1","Outer London - West and North West"
"638",509925.59597756,171235.99707261,180,FALSE,"1","1.1","1","Outer London - West and North West"
"639",509919.56523964,171270.19908694,181,FALSE,"1","1.1","1","Outer London - West and North West"
"640",509902.20042187,171300.27583358,182,FALSE,"1","1.1","1","Outer London - West and North West"
"641",509875.59597756,171322.59961299,183,FALSE,"1","1.1","1","Outer London - West and North West"
"642",508364.2712335,172195.1633608,184,FALSE,"1","1.1","1","Outer London - West and North West"
"643",508358.09461804,172200.34615656,185,FALSE,"1","1.1","1","Outer London - West and North West"
"644",508356.69449298,172208.28666033,186,FALSE,"1","1.1","1","Outer London - West and North West"
"645",508356.69449298,173953.41415597,187,FALSE,"1","1.1","1","Outer London - West and North West"
"646",508350.66375506,173987.6161703,188,FALSE,"1","1.1","1","Outer London - West and North West"
"647",508333.29893729,174017.69291694,189,FALSE,"1","1.1","1","Outer London - West and North West"
"648",508306.69449298,174040.01669635,190,FALSE,"1","1.1","1","Outer London - West and North West"
"649",506795.36974892,174912.58044417,191,FALSE,"1","1.1","1","Outer London - West and North West"
"650",506789.19313346,174917.76323993,192,FALSE,"1","1.1","1","Outer London - West and North West"
"651",506787.7930084,174925.7037437,193,FALSE,"1","1.1","1","Outer London - West and North West"
"652",506787.7930084,176670.83123934,194,FALSE,"1","1.1","1","Outer London - West and North West"
"653",506781.76227048,176705.03325367,195,FALSE,"1","1.1","1","Outer London - West and North West"
"654",506764.39745271,176735.11000031,196,FALSE,"1","1.1","1","Outer London - West and North West"
"655",506737.7930084,176757.43377972,197,FALSE,"1","1.1","1","Outer London - West and North West"
"656",505226.46826434,177629.99752753,198,FALSE,"1","1.1","1","Outer London - West and North West"
"657",505220.29164888,177635.18032329,199,FALSE,"1","1.1","1","Outer London - West and North West"
"658",505218.89152382,177643.12082706,200,FALSE,"1","1.1","1","Outer London - West and North West"
"659",505218.89152382,179388.2483227,201,FALSE,"1","1.1","1","Outer London - West and North West"
"660",505212.8607859,179422.45033703,202,FALSE,"1","1.1","1","Outer London - West and North West"
"661",505195.49596813,179452.52708367,203,FALSE,"1","1.1","1","Outer London - West and North West"
"662",505168.89152382,179474.85086308,204,FALSE,"1","1.1","1","Outer London - West and North West"
"663",503657.56677976,180347.41461089,205,FALSE,"1","1.1","1","Outer London - West and North West"
"664",503651.3901643,180352.59740665,206,FALSE,"1","1.1","1","Outer London - West and North West"
"665",503649.99003924,180360.53791042,207,FALSE,"1","1.1","1","Outer London - West and North West"
"666",503649.99003924,182154.65156663,208,FALSE,"1","1.1","1","Outer London - West and North West"
"667",503651.3901643,182162.5920704,209,FALSE,"1","1.1","1","Outer London - West and North West"
"668",503657.56677976,182167.77486616,210,FALSE,"1","1.1","1","Outer London - West and North West"
"669",505168.89152382,183040.33861398,211,FALSE,"1","1.1","1","Outer London - West and North West"
"670",505195.49596813,183062.66239339,212,FALSE,"1","1.1","1","Outer London - West and North West"
"671",505212.8607859,183092.73914003,213,FALSE,"1","1.1","1","Outer London - West and North West"
"672",505218.89152382,183126.94115436,214,FALSE,"1","1.1","1","Outer London - West and North West"
"673",505218.89152382,184823.08248943,215,FALSE,"1","1.1","1","Outer London - West and North West"
"674",505212.8607859,184857.28450376,216,FALSE,"1","1.1","1","Outer London - West and North West"
"675",505195.49596813,184887.3612504,217,FALSE,"1","1.1","1","Outer London - West and North West"
"676",505168.89152382,184909.68502981,218,FALSE,"1","1.1","1","Outer London - West and North West"
"677",503657.56677976,185782.24877762,219,FALSE,"1","1.1","1","Outer London - West and North West"
"678",503651.3901643,185787.43157338,220,FALSE,"1","1.1","1","Outer London - West and North West"
"679",503649.99003924,185795.37207715,221,FALSE,"1","1.1","1","Outer London - West and North West"
"680",503649.99003924,187540.49957279,222,FALSE,"1","1.1","1","Outer London - West and North West"
"681",503643.95930132,187574.70158712,223,FALSE,"1","1.1","1","Outer London - West and North West"
"682",503626.59448355,187604.77833376,224,FALSE,"1","1.1","1","Outer London - West and North West"
"683",503599.99003924,187627.10211317,225,FALSE,"1","1.1","1","Outer London - West and North West"
"684",502088.66529518,188499.66586098,226,FALSE,"1","1.1","1","Outer London - West and North West"
"685",502082.48867972,188504.84865674,227,FALSE,"1","1.1","1","Outer London - West and North West"
"686",502081.08855466,188512.78916051,228,FALSE,"1","1.1","1","Outer London - West and North West"
"687",502081.08855466,190306.90281672,229,FALSE,"1","1.1","1","Outer London - West and North West"
"688",519339.00488505,182154.65156663,1,FALSE,"1","1.1","1","Inner London - West"
"689",519340.40501011,182162.5920704,2,FALSE,"1","1.1","1","Inner London - West"
"690",519346.58162557,182167.77486616,3,FALSE,"1","1.1","1","Inner London - West"
"691",520900.32962911,183064.83169426,4,FALSE,"1","1.1","1","Inner London - West"
"692",520907.90636963,183067.58940228,5,FALSE,"1","1.1","1","Inner London - West"
"693",520915.48311015,183064.83169426,6,FALSE,"1","1.1","1","Inner London - West"
"694",522426.80785421,182192.26794644,7,FALSE,"1","1.1","1","Inner London - West"
"695",522459.44303644,182180.38971152,8,FALSE,"1","1.1","1","Inner London - West"
"696",522494.17267198,182180.38971152,9,FALSE,"1","1.1","1","Inner London - West"
"697",522526.80785421,182192.26794644,10,FALSE,"1","1.1","1","Inner London - West"
"698",523995.70933879,183040.33861398,11,FALSE,"1","1.1","1","Inner London - West"
"699",524022.3137831,183062.66239339,12,FALSE,"1","1.1","1","Inner London - West"
"700",524039.67860087,183092.73914003,13,FALSE,"1","1.1","1","Inner London - West"
"701",524045.70933879,183126.94115436,14,FALSE,"1","1.1","1","Inner London - West"
"702",524045.70933879,184823.08248943,15,FALSE,"1","1.1","1","Inner London - West"
"703",524039.67860087,184857.28450376,16,FALSE,"1","1.1","1","Inner London - West"
"704",524022.3137831,184887.3612504,17,FALSE,"1","1.1","1","Inner London - West"
"705",523995.70933879,184909.68502981,18,FALSE,"1","1.1","1","Inner London - West"
"706",522484.38459473,185782.24877762,19,FALSE,"1","1.1","1","Inner London - West"
"707",522478.20797927,185787.43157338,20,FALSE,"1","1.1","1","Inner London - West"
"708",522476.80785421,185795.37207715,21,FALSE,"1","1.1","1","Inner London - West"
"709",522476.80785421,187589.48573336,22,FALSE,"1","1.1","1","Inner London - West"
"710",522478.20797927,187597.42623713,23,FALSE,"1","1.1","1","Inner London - West"
"711",522484.38459473,187602.60903289,24,FALSE,"1","1.1","1","Inner London - West"
"712",524038.13259827,188499.66586098,25,FALSE,"1","1.1","1","Inner London - West"
"713",524045.70933879,188502.423569,26,FALSE,"1","1.1","1","Inner London - West"
"714",524053.28607931,188499.66586098,27,FALSE,"1","1.1","1","Inner London - West"
"715",525564.61082337,187627.10211317,28,FALSE,"1","1.1","1","Inner London - West"
"716",525597.2460056,187615.22387825,29,FALSE,"1","1.1","1","Inner London - West"
"717",525631.97564114,187615.22387825,30,FALSE,"1","1.1","1","Inner London - West"
"718",525664.61082337,187627.10211317,31,FALSE,"1","1.1","1","Inner London - West"
"719",527175.93556743,188499.66586098,32,FALSE,"1","1.1","1","Inner London - West"
"720",527183.51230795,188502.423569,33,FALSE,"1","1.1","1","Inner London - West"
"721",527191.08904847,188499.66586098,34,FALSE,"1","1.1","1","Inner London - West"
"722",528744.83705201,187602.60903289,35,FALSE,"1","1.1","1","Inner London - West"
"723",528751.01366747,187597.42623713,36,FALSE,"1","1.1","1","Inner London - West"
"724",528752.41379253,187589.48573336,37,FALSE,"1","1.1","1","Inner London - West"
"725",528752.41379253,185844.35823772,38,FALSE,"1","1.1","1","Inner London - West"
"726",528758.44453045,185810.15622339,39,FALSE,"1","1.1","1","Inner London - West"
"727",528775.80934822,185780.07947675,40,FALSE,"1","1.1","1","Inner London - West"
"728",528802.41379253,185757.75569734,41,FALSE,"1","1.1","1","Inner London - West"
"729",530313.73853659,184885.19194953,42,FALSE,"1","1.1","1","Inner London - West"
"730",530319.91515205,184880.00915377,43,FALSE,"1","1.1","1","Inner London - West"
"731",530321.31527711,184872.06865,44,FALSE,"1","1.1","1","Inner London - West"
"732",530321.31527711,183126.94115436,45,FALSE,"1","1.1","1","Inner London - West"
"733",530327.34601503,183092.73914003,46,FALSE,"1","1.1","1","Inner London - West"
"734",530344.7108328,183062.66239339,47,FALSE,"1","1.1","1","Inner London - West"
"735",530371.31527711,183040.33861398,48,FALSE,"1","1.1","1","Inner London - West"
"736",531882.64002117,182167.77486616,49,FALSE,"1","1.1","1","Inner London - West"
"737",531888.81663663,182162.5920704,50,FALSE,"1","1.1","1","Inner London - West"
"738",531890.21676169,182154.65156663,51,FALSE,"1","1.1","1","Inner London - West"
"739",531890.21676169,180360.53791042,52,FALSE,"1","1.1","1","Inner London - West"
"740",531888.81663663,180352.59740665,53,FALSE,"1","1.1","1","Inner London - West"
"741",531882.64002117,180347.41461089,54,FALSE,"1","1.1","1","Inner London - West"
"742",530371.31527711,179474.85086308,55,FALSE,"1","1.1","1","Inner London - West"
"743",530344.7108328,179452.52708367,56,FALSE,"1","1.1","1","Inner London - West"
"744",530327.34601503,179422.45033703,57,FALSE,"1","1.1","1","Inner London - West"
"745",530321.31527711,179388.2483227,58,FALSE,"1","1.1","1","Inner London - West"
"746",530321.31527711,177643.12082706,59,FALSE,"1","1.1","1","Inner London - West"
"747",530319.91515205,177635.18032329,60,FALSE,"1","1.1","1","Inner London - West"
"748",530313.73853659,177629.99752753,61,FALSE,"1","1.1","1","Inner London - West"
"749",528802.41379253,176757.43377972,62,FALSE,"1","1.1","1","Inner London - West"
"750",528775.80934822,176735.11000031,63,FALSE,"1","1.1","1","Inner London - West"
"751",528758.44453045,176705.03325367,64,FALSE,"1","1.1","1","Inner London - West"
"752",528752.41379253,176670.83123934,65,FALSE,"1","1.1","1","Inner London - West"
"753",528752.41379253,174925.7037437,66,FALSE,"1","1.1","1","Inner London - West"
"754",528751.01366747,174917.76323993,67,FALSE,"1","1.1","1","Inner London - West"
"755",528744.83705201,174912.58044417,68,FALSE,"1","1.1","1","Inner London - West"
"756",527233.51230795,174040.01669635,69,FALSE,"1","1.1","1","Inner London - West"
"757",527206.90786364,174017.69291694,70,FALSE,"1","1.1","1","Inner London - West"
"758",527189.54304587,173987.6161703,71,FALSE,"1","1.1","1","Inner London - West"
"759",527183.51230795,173953.41415597,72,FALSE,"1","1.1","1","Inner London - West"
"760",527183.51230795,172257.2728209,73,FALSE,"1","1.1","1","Inner London - West"
"761",527189.54304587,172223.07080657,74,FALSE,"1","1.1","1","Inner London - West"
"762",527206.90786364,172192.99405993,75,FALSE,"1","1.1","1","Inner London - West"
"763",527233.51230795,172170.67028052,76,FALSE,"1","1.1","1","Inner London - West"
"764",528744.83705201,171298.10653271,77,FALSE,"1","1.1","1","Inner London - West"
"765",528751.01366747,171292.92373695,78,FALSE,"1","1.1","1","Inner London - West"
"766",528752.41379253,171284.98323318,79,FALSE,"1","1.1","1","Inner London - West"
"767",528752.41379253,169490.86957697,80,FALSE,"1","1.1","1","Inner London - West"
"768",528751.01366747,169482.9290732,81,FALSE,"1","1.1","1","Inner London - West"
"769",528744.83705201,169477.74627744,82,FALSE,"1","1.1","1","Inner London - West"
"770",527191.08904847,168580.68944935,83,FALSE,"1","1.1","1","Inner London - West"
"771",527183.51230795,168577.93174133,84,FALSE,"1","1.1","1","Inner London - West"
"772",527175.93556743,168580.68944935,85,FALSE,"1","1.1","1","Inner London - West"
"773",525622.18756389,169477.74627744,86,FALSE,"1","1.1","1","Inner London - West"
"774",525616.01094843,169482.9290732,87,FALSE,"1","1.1","1","Inner London - West"
"775",525614.61082337,169490.86957697,88,FALSE,"1","1.1","1","Inner London - West"
"776",525614.61082337,171235.99707261,89,FALSE,"1","1.1","1","Inner London - West"
"777",525608.58008545,171270.19908694,90,FALSE,"1","1.1","1","Inner London - West"
"778",525591.21526768,171300.27583358,91,FALSE,"1","1.1","1","Inner London - West"
"779",525564.61082337,171322.59961299,92,FALSE,"1","1.1","1","Inner London - West"
"780",524095.70933879,172170.67028052,93,FALSE,"1","1.1","1","Inner London - West"
"781",524063.07415656,172182.54851544,94,FALSE,"1","1.1","1","Inner London - West"
"782",524028.34452102,172182.54851544,95,FALSE,"1","1.1","1","Inner London - West"
"783",523995.70933879,172170.67028052,96,FALSE,"1","1.1","1","Inner London - West"
"784",522484.38459473,171298.10653271,97,FALSE,"1","1.1","1","Inner London - West"
"785",522476.80785421,171295.34882469,98,FALSE,"1","1.1","1","Inner London - West"
"786",522469.23111369,171298.10653271,99,FALSE,"1","1.1","1","Inner London - West"
"787",520915.48311015,172195.1633608,100,FALSE,"1","1.1","1","Inner London - West"
"788",520909.30649469,172200.34615656,101,FALSE,"1","1.1","1","Inner London - West"
"789",520907.90636963,172208.28666033,102,FALSE,"1","1.1","1","Inner London - West"
"790",520907.90636963,174002.40031654,103,FALSE,"1","1.1","1","Inner London - West"
"791",520909.30649469,174010.34082031,104,FALSE,"1","1.1","1","Inner London - West"
"792",520915.48311015,174015.52361607,105,FALSE,"1","1.1","1","Inner London - West"
"793",522426.80785421,174888.08736389,106,FALSE,"1","1.1","1","Inner London - West"
"794",522453.41229852,174910.4111433,107,FALSE,"1","1.1","1","Inner London - West"
"795",522470.77711629,174940.48788994,108,FALSE,"1","1.1","1","Inner London - West"
"796",522476.80785421,174974.68990427,109,FALSE,"1","1.1","1","Inner London - West"
"797",522476.80785421,176670.83123934,110,FALSE,"1","1.1","1","Inner London - West"
"798",522470.77711629,176705.03325367,111,FALSE,"1","1.1","1","Inner London - West"
"799",522453.41229852,176735.11000031,112,FALSE,"1","1.1","1","Inner London - West"
"800",522426.80785421,176757.43377972,113,FALSE,"1","1.1","1","Inner London - West"
"801",520915.48311015,177629.99752753,114,FALSE,"1","1.1","1","Inner London - West"
"802",520909.30649469,177635.18032329,115,FALSE,"1","1.1","1","Inner London - West"
"803",520907.90636963,177643.12082706,116,FALSE,"1","1.1","1","Inner London - West"
"804",520907.90636963,179388.2483227,117,FALSE,"1","1.1","1","Inner London - West"
"805",520901.87563171,179422.45033703,118,FALSE,"1","1.1","1","Inner London - West"
"806",520884.51081394,179452.52708367,119,FALSE,"1","1.1","1","Inner London - West"
"807",520857.90636963,179474.85086308,120,FALSE,"1","1.1","1","Inner London - West"
"808",519346.58162557,180347.41461089,121,FALSE,"1","1.1","1","Inner London - West"
"809",519340.40501011,180352.59740665,122,FALSE,"1","1.1","1","Inner London - West"
"810",519339.00488505,180360.53791042,123,FALSE,"1","1.1","1","Inner London - West"
"811",519339.00488505,182154.65156663,124,FALSE,"1","1.1","1","Inner London - West"
"812",514632.30043131,168567.56614982,1,FALSE,"1","1.1","1","Outer London - South"
"813",514633.70055637,168575.50665359,2,FALSE,"1","1.1","1","Outer London - South"
"814",514639.87717183,168580.68944935,3,FALSE,"1","1.1","1","Outer London - South"
"815",516151.20191589,169453.25319716,4,FALSE,"1","1.1","1","Outer London - South"
"816",516177.8063602,169475.57697657,5,FALSE,"1","1.1","1","Outer London - South"
"817",516195.17117797,169505.65372321,6,FALSE,"1","1.1","1","Outer London - South"
"818",516201.20191589,169539.85573754,7,FALSE,"1","1.1","1","Outer London - South"
"819",516201.20191589,171284.98323318,8,FALSE,"1","1.1","1","Outer London - South"
"820",516202.60204095,171292.92373695,9,FALSE,"1","1.1","1","Outer London - South"
"821",516208.77865641,171298.10653271,10,FALSE,"1","1.1","1","Outer London - South"
"822",517762.52665995,172195.1633608,11,FALSE,"1","1.1","1","Outer London - South"
"823",517770.10340047,172197.92106882,12,FALSE,"1","1.1","1","Outer London - South"
"824",517777.68014099,172195.1633608,13,FALSE,"1","1.1","1","Outer London - South"
"825",519289.00488505,171322.59961299,14,FALSE,"1","1.1","1","Outer London - South"
"826",519321.64006728,171310.72137807,15,FALSE,"1","1.1","1","Outer London - South"
"827",519356.36970282,171310.72137807,16,FALSE,"1","1.1","1","Outer London - South"
"828",519389.00488505,171322.59961299,17,FALSE,"1","1.1","1","Outer London - South"
"829",520900.32962911,172195.1633608,18,FALSE,"1","1.1","1","Outer London - South"
"830",520907.90636963,172197.92106882,19,FALSE,"1","1.1","1","Outer London - South"
"831",520915.48311015,172195.1633608,20,FALSE,"1","1.1","1","Outer London - South"
"832",522426.80785421,171322.59961299,21,FALSE,"1","1.1","1","Outer London - South"
"833",522459.44303644,171310.72137807,22,FALSE,"1","1.1","1","Outer London - South"
"834",522494.17267198,171310.72137807,23,FALSE,"1","1.1","1","Outer London - South"
"835",522526.80785421,171322.59961299,24,FALSE,"1","1.1","1","Outer London - South"
"836",524038.13259827,172195.1633608,25,FALSE,"1","1.1","1","Outer London - South"
"837",524045.70933879,172197.92106882,26,FALSE,"1","1.1","1","Outer London - South"
"838",524053.28607931,172195.1633608,27,FALSE,"1","1.1","1","Outer London - South"
"839",525607.03408285,171298.10653271,28,FALSE,"1","1.1","1","Outer London - South"
"840",525613.21069831,171292.92373695,29,FALSE,"1","1.1","1","Outer London - South"
"841",525614.61082337,171284.98323318,30,FALSE,"1","1.1","1","Outer London - South"
"842",525614.61082337,169539.85573754,31,FALSE,"1","1.1","1","Outer London - South"
"843",525620.64156129,169505.65372321,32,FALSE,"1","1.1","1","Outer London - South"
"844",525638.00637906,169475.57697657,33,FALSE,"1","1.1","1","Outer London - South"
"845",525664.61082337,169453.25319716,34,FALSE,"1","1.1","1","Outer London - South"
"846",527133.51230795,168605.18252963,35,FALSE,"1","1.1","1","Outer London - South"
"847",527166.14749018,168593.30429471,36,FALSE,"1","1.1","1","Outer London - South"
"848",527200.87712572,168593.30429471,37,FALSE,"1","1.1","1","Outer London - South"
"849",527233.51230795,168605.18252963,38,FALSE,"1","1.1","1","Outer London - South"
"850",528744.83705201,169477.74627744,39,FALSE,"1","1.1","1","Outer London - South"
"851",528752.41379253,169480.50398546,40,FALSE,"1","1.1","1","Outer London - South"
"852",528759.99053305,169477.74627744,41,FALSE,"1","1.1","1","Outer London - South"
"853",530271.31527711,168605.18252963,42,FALSE,"1","1.1","1","Outer London - South"
"854",530303.95045934,168593.30429471,43,FALSE,"1","1.1","1","Outer London - South"
"855",530338.68009488,168593.30429471,44,FALSE,"1","1.1","1","Outer London - South"
"856",530371.31527711,168605.18252963,45,FALSE,"1","1.1","1","Outer London - South"
"857",531882.64002117,169477.74627744,46,FALSE,"1","1.1","1","Outer London - South"
"858",531890.21676169,169480.50398546,47,FALSE,"1","1.1","1","Outer London - South"
"859",531897.79350221,169477.74627744,48,FALSE,"1","1.1","1","Outer London - South"
"860",533409.11824627,168605.18252963,49,FALSE,"1","1.1","1","Outer London - South"
"861",533441.7534285,168593.30429471,50,FALSE,"1","1.1","1","Outer London - South"
"862",533476.48306404,168593.30429471,51,FALSE,"1","1.1","1","Outer London - South"
"863",533509.11824627,168605.18252963,52,FALSE,"1","1.1","1","Outer London - South"
"864",534978.01973085,169453.25319716,53,FALSE,"1","1.1","1","Outer London - South"
"865",535004.62417516,169475.57697657,54,FALSE,"1","1.1","1","Outer London - South"
"866",535021.98899293,169505.65372321,55,FALSE,"1","1.1","1","Outer London - South"
"867",535028.01973085,169539.85573754,56,FALSE,"1","1.1","1","Outer London - South"
"868",535028.01973085,171284.98323318,57,FALSE,"1","1.1","1","Outer London - South"
"869",535029.41985591,171292.92373695,58,FALSE,"1","1.1","1","Outer London - South"
"870",535035.59647137,171298.10653271,59,FALSE,"1","1.1","1","Outer London - South"
"871",536589.34447491,172195.1633608,60,FALSE,"1","1.1","1","Outer London - South"
"872",536596.92121543,172197.92106882,61,FALSE,"1","1.1","1","Outer London - South"
"873",536604.49795595,172195.1633608,62,FALSE,"1","1.1","1","Outer London - South"
"874",538115.82270001,171322.59961299,63,FALSE,"1","1.1","1","Outer London - South"
"875",538148.45788224,171310.72137807,64,FALSE,"1","1.1","1","Outer London - South"
"876",538183.18751778,171310.72137807,65,FALSE,"1","1.1","1","Outer London - South"
"877",538215.82270001,171322.59961299,66,FALSE,"1","1.1","1","Outer London - South"
"878",539727.14744407,172195.1633608,67,FALSE,"1","1.1","1","Outer London - South"
"879",539734.72418459,172197.92106882,68,FALSE,"1","1.1","1","Outer London - South"
"880",539742.30092511,172195.1633608,69,FALSE,"1","1.1","1","Outer London - South"
"881",541253.62566917,171322.59961299,70,FALSE,"1","1.1","1","Outer London - South"
"882",541286.2608514,171310.72137807,71,FALSE,"1","1.1","1","Outer London - South"
"883",541320.99048694,171310.72137807,72,FALSE,"1","1.1","1","Outer London - South"
"884",541353.62566917,171322.59961299,73,FALSE,"1","1.1","1","Outer London - South"
"885",542864.95041323,172195.1633608,74,FALSE,"1","1.1","1","Outer London - South"
"886",542872.52715375,172197.92106882,75,FALSE,"1","1.1","1","Outer London - South"
"887",542880.10389427,172195.1633608,76,FALSE,"1","1.1","1","Outer London - South"
"888",544391.42863833,171322.59961299,77,FALSE,"1","1.1","1","Outer London - South"
"889",544424.06382056,171310.72137807,78,FALSE,"1","1.1","1","Outer London - South"
"890",544458.7934561,171310.72137807,79,FALSE,"1","1.1","1","Outer London - South"
"891",544491.42863833,171322.59961299,80,FALSE,"1","1.1","1","Outer London - South"
"892",546002.75338239,172195.1633608,81,FALSE,"1","1.1","1","Outer London - South"
"893",546010.33012291,172197.92106882,82,FALSE,"1","1.1","1","Outer London - South"
"894",546017.90686343,172195.1633608,83,FALSE,"1","1.1","1","Outer London - South"
"895",547571.65486697,171298.10653271,84,FALSE,"1","1.1","1","Outer London - South"
"896",547577.83148243,171292.92373695,85,FALSE,"1","1.1","1","Outer London - South"
"897",547579.23160749,171284.98323318,86,FALSE,"1","1.1","1","Outer London - South"
"898",547579.23160749,169539.85573754,87,FALSE,"1","1.1","1","Outer London - South"
"899",547585.26234541,169505.65372321,88,FALSE,"1","1.1","1","Outer London - South"
"900",547602.62716318,169475.57697657,89,FALSE,"1","1.1","1","Outer London - South"
"901",547629.23160749,169453.25319716,90,FALSE,"1","1.1","1","Outer London - South"
"902",549140.55635155,168580.68944935,91,FALSE,"1","1.1","1","Outer London - South"
"903",549146.73296701,168575.50665359,92,FALSE,"1","1.1","1","Outer London - South"
"904",549148.13309207,168567.56614982,93,FALSE,"1","1.1","1","Outer London - South"
"905",549148.13309207,166822.43865418,94,FALSE,"1","1.1","1","Outer London - South"
"906",549154.16382999,166788.23663985,95,FALSE,"1","1.1","1","Outer London - South"
"907",549171.52864776,166758.15989321,96,FALSE,"1","1.1","1","Outer London - South"
"908",549198.13309207,166735.8361138,97,FALSE,"1","1.1","1","Outer London - South"
"909",550709.45783613,165863.27236598,98,FALSE,"1","1.1","1","Outer London - South"
"910",550715.63445159,165858.08957022,99,FALSE,"1","1.1","1","Outer London - South"
"911",550717.03457665,165850.14906645,100,FALSE,"1","1.1","1","Outer London - South"
"912",550717.03457665,164056.03541024,101,FALSE,"1","1.1","1","Outer London - South"
"913",550715.63445159,164048.09490647,102,FALSE,"1","1.1","1","Outer London - South"
"914",550709.45783613,164042.91211071,103,FALSE,"1","1.1","1","Outer London - South"
"915",549198.13309207,163170.3483629,104,FALSE,"1","1.1","1","Outer London - South"
"916",549171.52864776,163148.02458349,105,FALSE,"1","1.1","1","Outer London - South"
"917",549154.16382999,163117.94783685,106,FALSE,"1","1.1","1","Outer London - South"
"918",549148.13309207,163083.74582252,107,FALSE,"1","1.1","1","Outer London - South"
"919",549148.13309207,161338.61832688,108,FALSE,"1","1.1","1","Outer London - South"
"920",549146.73296701,161330.67782311,109,FALSE,"1","1.1","1","Outer London - South"
"921",549140.55635155,161325.49502735,110,FALSE,"1","1.1","1","Outer London - South"
"922",547586.80834801,160428.43819926,111,FALSE,"1","1.1","1","Outer London - South"
"923",547579.23160749,160425.68049124,112,FALSE,"1","1.1","1","Outer London - South"
"924",547571.65486697,160428.43819926,113,FALSE,"1","1.1","1","Outer London - South"
"925",546060.33012291,161301.00194707,114,FALSE,"1","1.1","1","Outer London - South"
"926",546027.69494068,161312.88018199,115,FALSE,"1","1.1","1","Outer London - South"
"927",545992.96530514,161312.88018199,116,FALSE,"1","1.1","1","Outer London - South"
"928",545960.33012291,161301.00194707,117,FALSE,"1","1.1","1","Outer London - South"
"929",544491.42863833,160452.93127954,118,FALSE,"1","1.1","1","Outer London - South"
"930",544464.82419402,160430.60750013,119,FALSE,"1","1.1","1","Outer London - South"
"931",544447.45937625,160400.53075349,120,FALSE,"1","1.1","1","Outer London - South"
"932",544441.42863833,160366.32873916,121,FALSE,"1","1.1","1","Outer London - South"
"933",544441.42863833,158621.20124352,122,FALSE,"1","1.1","1","Outer London - South"
"934",544440.02851327,158613.26073975,123,FALSE,"1","1.1","1","Outer London - South"
"935",544433.85189781,158608.07794399,124,FALSE,"1","1.1","1","Outer London - South"
"936",542880.10389427,157711.02111589,125,FALSE,"1","1.1","1","Outer London - South"
"937",542872.52715375,157708.26340787,126,FALSE,"1","1.1","1","Outer London - South"
"938",542864.95041323,157711.02111589,127,FALSE,"1","1.1","1","Outer London - South"
"939",541353.62566917,158583.58486371,128,FALSE,"1","1.1","1","Outer London - South"
"940",541320.99048694,158595.46309863,129,FALSE,"1","1.1","1","Outer London - South"
"941",541286.2608514,158595.46309863,130,FALSE,"1","1.1","1","Outer London - South"
"942",541253.62566917,158583.58486371,131,FALSE,"1","1.1","1","Outer London - South"
"943",539742.30092511,157711.02111589,132,FALSE,"1","1.1","1","Outer London - South"
"944",539734.72418459,157708.26340787,133,FALSE,"1","1.1","1","Outer London - South"
"945",539727.14744407,157711.02111589,134,FALSE,"1","1.1","1","Outer London - South"
"946",538173.39944053,158608.07794399,135,FALSE,"1","1.1","1","Outer London - South"
"947",538167.22282507,158613.26073975,136,FALSE,"1","1.1","1","Outer London - South"
"948",538165.82270001,158621.20124352,137,FALSE,"1","1.1","1","Outer London - South"
"949",538165.82270001,160366.32873916,138,FALSE,"1","1.1","1","Outer London - South"
"950",538159.79196209,160400.53075349,139,FALSE,"1","1.1","1","Outer London - South"
"951",538142.42714432,160430.60750013,140,FALSE,"1","1.1","1","Outer London - South"
"952",538115.82270001,160452.93127954,141,FALSE,"1","1.1","1","Outer London - South"
"953",536646.92121543,161301.00194707,142,FALSE,"1","1.1","1","Outer London - South"
"954",536614.2860332,161312.88018199,143,FALSE,"1","1.1","1","Outer London - South"
"955",536579.55639766,161312.88018199,144,FALSE,"1","1.1","1","Outer London - South"
"956",536546.92121543,161301.00194707,145,FALSE,"1","1.1","1","Outer London - South"
"957",535078.01973085,160452.93127954,146,FALSE,"1","1.1","1","Outer London - South"
"958",535051.41528654,160430.60750013,147,FALSE,"1","1.1","1","Outer London - South"
"959",535034.05046877,160400.53075349,148,FALSE,"1","1.1","1","Outer London - South"
"960",535028.01973085,160366.32873916,149,FALSE,"1","1.1","1","Outer London - South"
"961",535028.01973085,158621.20124352,150,FALSE,"1","1.1","1","Outer London - South"
"962",535026.61960579,158613.26073975,151,FALSE,"1","1.1","1","Outer London - South"
"963",535020.44299033,158608.07794399,152,FALSE,"1","1.1","1","Outer London - South"
"964",533509.11824627,157735.51419617,153,FALSE,"1","1.1","1","Outer London - South"
"965",533482.51380196,157713.19041676,154,FALSE,"1","1.1","1","Outer London - South"
"966",533465.14898419,157683.11367012,155,FALSE,"1","1.1","1","Outer London - South"
"967",533459.11824627,157648.91165579,156,FALSE,"1","1.1","1","Outer London - South"
"968",533459.11824627,155903.78416015,157,FALSE,"1","1.1","1","Outer London - South"
"969",533457.71812121,155895.84365638,158,FALSE,"1","1.1","1","Outer London - South"
"970",533451.54150575,155890.66086062,159,FALSE,"1","1.1","1","Outer London - South"
"971",531897.79350221,154993.60403253,160,FALSE,"1","1.1","1","Outer London - South"
"972",531890.21676169,154990.84632451,161,FALSE,"1","1.1","1","Outer London - South"
"973",531882.64002117,154993.60403253,162,FALSE,"1","1.1","1","Outer London - South"
"974",530328.89201763,155890.66086062,163,FALSE,"1","1.1","1","Outer London - South"
"975",530322.71540217,155895.84365638,164,FALSE,"1","1.1","1","Outer London - South"
"976",530321.31527711,155903.78416015,165,FALSE,"1","1.1","1","Outer London - South"
"977",530321.31527711,157648.91165579,166,FALSE,"1","1.1","1","Outer London - South"
"978",530315.28453919,157683.11367012,167,FALSE,"1","1.1","1","Outer London - South"
"979",530297.91972142,157713.19041676,168,FALSE,"1","1.1","1","Outer London - South"
"980",530271.31527711,157735.51419617,169,FALSE,"1","1.1","1","Outer London - South"
"981",528802.41379253,158583.58486371,170,FALSE,"1","1.1","1","Outer London - South"
"982",528769.7786103,158595.46309863,171,FALSE,"1","1.1","1","Outer London - South"
"983",528735.04897476,158595.46309863,172,FALSE,"1","1.1","1","Outer London - South"
"984",528702.41379253,158583.58486371,173,FALSE,"1","1.1","1","Outer London - South"
"985",527191.08904847,157711.02111589,174,FALSE,"1","1.1","1","Outer London - South"
"986",527183.51230795,157708.26340787,175,FALSE,"1","1.1","1","Outer London - South"
"987",527175.93556743,157711.02111589,176,FALSE,"1","1.1","1","Outer London - South"
"988",525622.18756389,158608.07794399,177,FALSE,"1","1.1","1","Outer London - South"
"989",525616.01094843,158613.26073975,178,FALSE,"1","1.1","1","Outer London - South"
"990",525614.61082337,158621.20124352,179,FALSE,"1","1.1","1","Outer London - South"
"991",525614.61082337,160366.32873916,180,FALSE,"1","1.1","1","Outer London - South"
"992",525608.58008545,160400.53075349,181,FALSE,"1","1.1","1","Outer London - South"
"993",525591.21526768,160430.60750013,182,FALSE,"1","1.1","1","Outer London - South"
"994",525564.61082337,160452.93127954,183,FALSE,"1","1.1","1","Outer London - South"
"995",524053.28607931,161325.49502735,184,FALSE,"1","1.1","1","Outer London - South"
"996",524047.10946385,161330.67782311,185,FALSE,"1","1.1","1","Outer London - South"
"997",524045.70933879,161338.61832688,186,FALSE,"1","1.1","1","Outer London - South"
"998",524045.70933879,163083.74582252,187,FALSE,"1","1.1","1","Outer London - South"
"999",524039.67860087,163117.94783685,188,FALSE,"1","1.1","1","Outer London - South"
"1000",524022.3137831,163148.02458349,189,FALSE,"1","1.1","1","Outer London - South"
"1001",523995.70933879,163170.3483629,190,FALSE,"1","1.1","1","Outer London - South"
"1002",522526.80785421,164018.41903043,191,FALSE,"1","1.1","1","Outer London - South"
"1003",522494.17267198,164030.29726535,192,FALSE,"1","1.1","1","Outer London - South"
"1004",522459.44303644,164030.29726535,193,FALSE,"1","1.1","1","Outer London - South"
"1005",522426.80785421,164018.41903043,194,FALSE,"1","1.1","1","Outer London - South"
"1006",520957.90636963,163170.3483629,195,FALSE,"1","1.1","1","Outer London - South"
"1007",520931.30192532,163148.02458349,196,FALSE,"1","1.1","1","Outer London - South"
"1008",520913.93710755,163117.94783685,197,FALSE,"1","1.1","1","Outer London - South"
"1009",520907.90636963,163083.74582252,198,FALSE,"1","1.1","1","Outer London - South"
"1010",520907.90636963,161338.61832688,199,FALSE,"1","1.1","1","Outer London - South"
"1011",520906.50624457,161330.67782311,200,FALSE,"1","1.1","1","Outer London - South"
"1012",520900.32962911,161325.49502735,201,FALSE,"1","1.1","1","Outer London - South"
"1013",519346.58162557,160428.43819926,202,FALSE,"1","1.1","1","Outer London - South"
"1014",519339.00488505,160425.68049124,203,FALSE,"1","1.1","1","Outer London - South"
"1015",519331.42814453,160428.43819926,204,FALSE,"1","1.1","1","Outer London - South"
"1016",517777.68014099,161325.49502735,205,FALSE,"1","1.1","1","Outer London - South"
"1017",517771.50352553,161330.67782311,206,FALSE,"1","1.1","1","Outer London - South"
"1018",517770.10340047,161338.61832688,207,FALSE,"1","1.1","1","Outer London - South"
"1019",517770.10340047,163083.74582252,208,FALSE,"1","1.1","1","Outer London - South"
"1020",517764.07266255,163117.94783685,209,FALSE,"1","1.1","1","Outer London - South"
"1021",517746.70784478,163148.02458349,210,FALSE,"1","1.1","1","Outer London - South"
"1022",517720.10340047,163170.3483629,211,FALSE,"1","1.1","1","Outer London - South"
"1023",516208.77865641,164042.91211071,212,FALSE,"1","1.1","1","Outer London - South"
"1024",516202.60204095,164048.09490647,213,FALSE,"1","1.1","1","Outer London - South"
"1025",516201.20191589,164056.03541024,214,FALSE,"1","1.1","1","Outer London - South"
"1026",516201.20191589,165801.16290588,215,FALSE,"1","1.1","1","Outer London - South"
"1027",516195.17117797,165835.36492021,216,FALSE,"1","1.1","1","Outer London - South"
"1028",516177.8063602,165865.44166685,217,FALSE,"1","1.1","1","Outer London - South"
"1029",516151.20191589,165887.76544626,218,FALSE,"1","1.1","1","Outer London - South"
"1030",514639.87717183,166760.32919408,219,FALSE,"1","1.1","1","Outer London - South"
"1031",514633.70055637,166765.51198984,220,FALSE,"1","1.1","1","Outer London - South"
"1032",514632.30043131,166773.45249361,221,FALSE,"1","1.1","1","Outer London - South"
"1033",514632.30043131,168567.56614982,222,FALSE,"1","1.1","1","Outer London - South"
